label,level,metric,value
CA,sub_category,n_gold,49.0
CA,sub_category,n_system,52.0
CA,sub_category,n_correct,43.0
CA,sub_category,precision,82.6
CA,sub_category,recall,87.7
CA,sub_category,f,85.1
CB,sub_category,n_gold,28.0
CB,sub_category,n_system,27.0
CB,sub_category,n_correct,24.0
CB,sub_category,precision,88.8
CB,sub_category,recall,85.7
CB,sub_category,f,87.2
GA,sub_category,n_gold,33.0
GA,sub_category,n_system,34.0
GA,sub_category,n_correct,30.0
GA,sub_category,precision,88.2
GA,sub_category,recall,90.9
GA,sub_category,f,89.5
GC,sub_category,n_gold,56.0
GC,sub_category,n_system,56.0
GC,sub_category,n_correct,49.0
GC,sub_category,precision,87.5
GC,sub_category,recall,87.5
GC,sub_category,f,87.5
PA,sub_category,n_gold,89.0
PA,sub_category,n_system,81.0
PA,sub_category,n_correct,80.0
PA,sub_category,precision,98.7
PA,sub_category,recall,89.8
PA,sub_category,f,94.1
PB,sub_category,n_gold,3.0
PB,sub_category,n_system,3.0
PB,sub_category,n_correct,3.0
PB,sub_category,precision,100.0
PB,sub_category,recall,100.0
PB,sub_category,f,100.0
SA,sub_category,n_gold,10.0
SA,sub_category,n_system,9.0
SA,sub_category,n_correct,7.0
SA,sub_category,precision,77.7
SA,sub_category,recall,70.0
SA,sub_category,f,73.6
Total,sub_category,n_gold,268.0
Total,sub_category,n_system,262.0
Total,sub_category,n_correct,236.0
Total,sub_category,precision,90.0
Total,sub_category,recall,88.0
Total,sub_category,f,89.0
C,super_category,n_gold,62.0
C,super_category,n_system,60.0
C,super_category,n_correct,54.0
C,super_category,precision,90.0
C,super_category,recall,87.0
C,super_category,f,88.5
G,super_category,n_gold,76.0
G,super_category,n_system,72.0
G,super_category,n_correct,68.0
G,super_category,precision,94.4
G,super_category,recall,89.4
G,super_category,f,91.8
P,super_category,n_gold,91.0
P,super_category,n_system,83.0
P,super_category,n_correct,82.0
P,super_category,precision,98.7
P,super_category,recall,90.1
P,super_category,f,94.2
S,super_category,n_gold,10.0
S,super_category,n_system,9.0
S,super_category,n_correct,7.0
S,super_category,precision,77.7
S,super_category,recall,70.0
S,super_category,f,73.6
Total,super_category,n_gold,239.0
Total,super_category,n_system,224.0
Total,super_category,n_correct,211.0
Total,super_category,precision,94.1
Total,super_category,recall,88.2
Total,super_category,f,91.1
