label,level,metric,value
CA,sub_category,n_gold,49.0
CA,sub_category,n_system,44.0
CA,sub_category,n_correct,33.0
CA,sub_category,precision,75.0
CA,sub_category,recall,67.3
CA,sub_category,f,70.9
CB,sub_category,n_gold,28.0
CB,sub_category,n_system,27.0
CB,sub_category,n_correct,23.0
CB,sub_category,precision,85.1
CB,sub_category,recall,82.1
CB,sub_category,f,83.6
GA,sub_category,n_gold,33.0
GA,sub_category,n_system,0.0
GA,sub_category,n_correct,0.0
GA,sub_category,precision,0.0
GA,sub_category,recall,0.0
GA,sub_category,f,0.0
GC,sub_category,n_gold,56.0
GC,sub_category,n_system,72.0
GC,sub_category,n_correct,36.0
GC,sub_category,precision,50.0
GC,sub_category,recall,64.2
GC,sub_category,f,56.2
PA,sub_category,n_gold,89.0
PA,sub_category,n_system,91.0
PA,sub_category,n_correct,70.0
PA,sub_category,precision,76.9
PA,sub_category,recall,78.6
PA,sub_category,f,77.7
PB,sub_category,n_gold,3.0
PB,sub_category,n_system,19.0
PB,sub_category,n_correct,2.0
PB,sub_category,precision,10.5
PB,sub_category,recall,66.6
PB,sub_category,f,18.1
SA,sub_category,n_gold,10.0
SA,sub_category,n_system,16.0
SA,sub_category,n_correct,7.0
SA,sub_category,precision,43.7
SA,sub_category,recall,70.0
SA,sub_category,f,53.8
Total,sub_category,n_gold,268.0
Total,sub_category,n_system,269.0
Total,sub_category,n_correct,171.0
Total,sub_category,precision,63.5
Total,sub_category,recall,63.8
Total,sub_category,f,63.6
C,super_category,n_gold,62.0
C,super_category,n_system,63.0
C,super_category,n_correct,50.0
C,super_category,precision,79.3
C,super_category,recall,80.6
C,super_category,f,79.9
G,super_category,n_gold,76.0
G,super_category,n_system,72.0
G,super_category,n_correct,42.0
G,super_category,precision,58.3
G,super_category,recall,55.2
G,super_category,f,56.7
P,super_category,n_gold,91.0
P,super_category,n_system,91.0
P,super_category,n_correct,72.0
P,super_category,precision,79.1
P,super_category,recall,79.1
P,super_category,f,79.1
S,super_category,n_gold,10.0
S,super_category,n_system,16.0
S,super_category,n_correct,7.0
S,super_category,precision,43.7
S,super_category,recall,70.0
S,super_category,f,53.8
Total,super_category,n_gold,239.0
Total,super_category,n_system,242.0
Total,super_category,n_correct,171.0
Total,super_category,precision,70.6
Total,super_category,recall,71.5
Total,super_category,f,71.1
