label,level,metric,value
CA,sub_category,n_gold,49.0
CA,sub_category,n_system,56.0
CA,sub_category,n_correct,41.0
CA,sub_category,precision,73.2
CA,sub_category,recall,83.6
CA,sub_category,f,78.0
CB,sub_category,n_gold,28.0
CB,sub_category,n_system,29.0
CB,sub_category,n_correct,26.0
CB,sub_category,precision,89.6
CB,sub_category,recall,92.8
CB,sub_category,f,91.2
GA,sub_category,n_gold,33.0
GA,sub_category,n_system,27.0
GA,sub_category,n_correct,18.0
GA,sub_category,precision,66.6
GA,sub_category,recall,54.5
GA,sub_category,f,60.0
GC,sub_category,n_gold,56.0
GC,sub_category,n_system,58.0
GC,sub_category,n_correct,43.0
GC,sub_category,precision,74.1
GC,sub_category,recall,76.7
GC,sub_category,f,75.4
PA,sub_category,n_gold,89.0
PA,sub_category,n_system,78.0
PA,sub_category,n_correct,74.0
PA,sub_category,precision,94.8
PA,sub_category,recall,83.1
PA,sub_category,f,88.6
PB,sub_category,n_gold,3.0
PB,sub_category,n_system,1.0
PB,sub_category,n_correct,1.0
PB,sub_category,precision,100.0
PB,sub_category,recall,33.3
PB,sub_category,f,50.0
SA,sub_category,n_gold,10.0
SA,sub_category,n_system,10.0
SA,sub_category,n_correct,6.0
SA,sub_category,precision,60.0
SA,sub_category,recall,60.0
SA,sub_category,f,60.0
Total,sub_category,n_gold,268.0
Total,sub_category,n_system,259.0
Total,sub_category,n_correct,209.0
Total,sub_category,precision,80.6
Total,sub_category,recall,77.9
Total,sub_category,f,79.3
C,super_category,n_gold,62.0
C,super_category,n_system,68.0
C,super_category,n_correct,54.0
C,super_category,precision,79.4
C,super_category,recall,87.0
C,super_category,f,83.0
G,super_category,n_gold,76.0
G,super_category,n_system,73.0
G,super_category,n_correct,63.0
G,super_category,precision,86.3
G,super_category,recall,82.8
G,super_category,f,84.5
P,super_category,n_gold,91.0
P,super_category,n_system,79.0
P,super_category,n_correct,75.0
P,super_category,precision,94.9
P,super_category,recall,82.4
P,super_category,f,88.2
S,super_category,n_gold,10.0
S,super_category,n_system,10.0
S,super_category,n_correct,6.0
S,super_category,precision,60.0
S,super_category,recall,60.0
S,super_category,f,60.0
Total,super_category,n_gold,239.0
Total,super_category,n_system,230.0
Total,super_category,n_correct,198.0
Total,super_category,precision,86.0
Total,super_category,recall,82.8
Total,super_category,f,84.4
