label,level,metric,value
CA,sub_category,n_gold,49.0
CA,sub_category,n_system,54.0
CA,sub_category,n_correct,37.0
CA,sub_category,precision,68.5
CA,sub_category,recall,75.5
CA,sub_category,f,71.8
CB,sub_category,n_gold,28.0
CB,sub_category,n_system,23.0
CB,sub_category,n_correct,20.0
CB,sub_category,precision,86.9
CB,sub_category,recall,71.4
CB,sub_category,f,78.4
GA,sub_category,n_gold,33.0
GA,sub_category,n_system,20.0
GA,sub_category,n_correct,12.0
GA,sub_category,precision,60.0
GA,sub_category,recall,36.3
GA,sub_category,f,45.2
GC,sub_category,n_gold,56.0
GC,sub_category,n_system,47.0
GC,sub_category,n_correct,36.0
GC,sub_category,precision,76.5
GC,sub_category,recall,64.2
GC,sub_category,f,69.9
PA,sub_category,n_gold,89.0
PA,sub_category,n_system,81.0
PA,sub_category,n_correct,72.0
PA,sub_category,precision,88.8
PA,sub_category,recall,80.8
PA,sub_category,f,84.7
PB,sub_category,n_gold,3.0
PB,sub_category,n_system,0.0
PB,sub_category,n_correct,0.0
PB,sub_category,precision,0.0
PB,sub_category,recall,0.0
PB,sub_category,f,0.0
SA,sub_category,n_gold,10.0
SA,sub_category,n_system,5.0
SA,sub_category,n_correct,4.0
SA,sub_category,precision,80.0
SA,sub_category,recall,40.0
SA,sub_category,f,53.3
Total,sub_category,n_gold,268.0
Total,sub_category,n_system,230.0
Total,sub_category,n_correct,181.0
Total,sub_category,precision,78.6
Total,sub_category,recall,67.5
Total,sub_category,f,72.6
C,super_category,n_gold,62.0
C,super_category,n_system,59.0
C,super_category,n_correct,49.0
C,super_category,precision,83.0
C,super_category,recall,79.0
C,super_category,f,80.9
G,super_category,n_gold,76.0
G,super_category,n_system,56.0
G,super_category,n_correct,51.0
G,super_category,precision,91.0
G,super_category,recall,67.1
G,super_category,f,77.2
P,super_category,n_gold,91.0
P,super_category,n_system,81.0
P,super_category,n_correct,74.0
P,super_category,precision,91.3
P,super_category,recall,81.3
P,super_category,f,86.0
S,super_category,n_gold,10.0
S,super_category,n_system,5.0
S,super_category,n_correct,4.0
S,super_category,precision,80.0
S,super_category,recall,40.0
S,super_category,f,53.3
Total,super_category,n_gold,239.0
Total,super_category,n_system,201.0
Total,super_category,n_correct,178.0
Total,super_category,precision,88.5
Total,super_category,recall,74.4
Total,super_category,f,80.9
