label,level,metric,value
CA,sub_category,n_gold,49.0
CA,sub_category,n_system,43.0
CA,sub_category,n_correct,35.0
CA,sub_category,precision,81.3
CA,sub_category,recall,71.4
CA,sub_category,f,76.0
CB,sub_category,n_gold,28.0
CB,sub_category,n_system,25.0
CB,sub_category,n_correct,21.0
CB,sub_category,precision,84.0
CB,sub_category,recall,75.0
CB,sub_category,f,79.2
GA,sub_category,n_gold,33.0
GA,sub_category,n_system,26.0
GA,sub_category,n_correct,18.0
GA,sub_category,precision,69.2
GA,sub_category,recall,54.5
GA,sub_category,f,61.0
GC,sub_category,n_gold,56.0
GC,sub_category,n_system,51.0
GC,sub_category,n_correct,38.0
GC,sub_category,precision,74.5
GC,sub_category,recall,67.8
GC,sub_category,f,71.0
PA,sub_category,n_gold,89.0
PA,sub_category,n_system,72.0
PA,sub_category,n_correct,65.0
PA,sub_category,precision,90.2
PA,sub_category,recall,73.0
PA,sub_category,f,80.7
PB,sub_category,n_gold,3.0
PB,sub_category,n_system,1.0
PB,sub_category,n_correct,1.0
PB,sub_category,precision,100.0
PB,sub_category,recall,33.3
PB,sub_category,f,50.0
SA,sub_category,n_gold,10.0
SA,sub_category,n_system,7.0
SA,sub_category,n_correct,5.0
SA,sub_category,precision,71.4
SA,sub_category,recall,50.0
SA,sub_category,f,58.8
Total,sub_category,n_gold,268.0
Total,sub_category,n_system,225.0
Total,sub_category,n_correct,183.0
Total,sub_category,precision,81.3
Total,sub_category,recall,68.2
Total,sub_category,f,74.2
C,super_category,n_gold,62.0
C,super_category,n_system,52.0
C,super_category,n_correct,44.0
C,super_category,precision,84.6
C,super_category,recall,70.9
C,super_category,f,77.1
G,super_category,n_gold,76.0
G,super_category,n_system,61.0
G,super_category,n_correct,56.0
G,super_category,precision,91.8
G,super_category,recall,73.6
G,super_category,f,81.7
P,super_category,n_gold,91.0
P,super_category,n_system,72.0
P,super_category,n_correct,67.0
P,super_category,precision,93.0
P,super_category,recall,73.6
P,super_category,f,82.2
S,super_category,n_gold,10.0
S,super_category,n_system,7.0
S,super_category,n_correct,5.0
S,super_category,precision,71.4
S,super_category,recall,50.0
S,super_category,f,58.8
Total,super_category,n_gold,239.0
Total,super_category,n_system,192.0
Total,super_category,n_correct,172.0
Total,super_category,precision,89.5
Total,super_category,recall,71.9
Total,super_category,f,79.8
