label,level,metric,value
CA,sub_category,n_gold,49.0
CA,sub_category,n_system,0.0
CA,sub_category,n_correct,0.0
CA,sub_category,precision,0.0
CA,sub_category,recall,0.0
CA,sub_category,f,0.0
CB,sub_category,n_gold,28.0
CB,sub_category,n_system,0.0
CB,sub_category,n_correct,0.0
CB,sub_category,precision,0.0
CB,sub_category,recall,0.0
CB,sub_category,f,0.0
GA,sub_category,n_gold,33.0
GA,sub_category,n_system,0.0
GA,sub_category,n_correct,0.0
GA,sub_category,precision,0.0
GA,sub_category,recall,0.0
GA,sub_category,f,0.0
GC,sub_category,n_gold,56.0
GC,sub_category,n_system,11.0
GC,sub_category,n_correct,9.0
GC,sub_category,precision,81.8
GC,sub_category,recall,16.0
GC,sub_category,f,26.8
PA,sub_category,n_gold,89.0
PA,sub_category,n_system,2.0
PA,sub_category,n_correct,1.0
PA,sub_category,precision,50.0
PA,sub_category,recall,1.1
PA,sub_category,f,2.1
PB,sub_category,n_gold,3.0
PB,sub_category,n_system,0.0
PB,sub_category,n_correct,0.0
PB,sub_category,precision,0.0
PB,sub_category,recall,0.0
PB,sub_category,f,0.0
SA,sub_category,n_gold,10.0
SA,sub_category,n_system,0.0
SA,sub_category,n_correct,0.0
SA,sub_category,precision,0.0
SA,sub_category,recall,0.0
SA,sub_category,f,0.0
Total,sub_category,n_gold,268.0
Total,sub_category,n_system,13.0
Total,sub_category,n_correct,10.0
Total,sub_category,precision,76.9
Total,sub_category,recall,3.7
Total,sub_category,f,7.1
C,super_category,n_gold,62.0
C,super_category,n_system,0.0
C,super_category,n_correct,0.0
C,super_category,precision,0.0
C,super_category,recall,0.0
C,super_category,f,0.0
G,super_category,n_gold,76.0
G,super_category,n_system,11.0
G,super_category,n_correct,9.0
G,super_category,precision,81.8
G,super_category,recall,11.8
G,super_category,f,20.6
P,super_category,n_gold,91.0
P,super_category,n_system,2.0
P,super_category,n_correct,2.0
P,super_category,precision,100.0
P,super_category,recall,2.1
P,super_category,f,4.3
S,super_category,n_gold,10.0
S,super_category,n_system,0.0
S,super_category,n_correct,0.0
S,super_category,precision,0.0
S,super_category,recall,0.0
S,super_category,f,0.0
Total,super_category,n_gold,239.0
Total,super_category,n_system,13.0
Total,super_category,n_correct,11.0
Total,super_category,precision,84.6
Total,super_category,recall,4.6
Total,super_category,f,8.7
