label,level,metric,value
CA,sub_category,n_gold,49.0
CA,sub_category,n_system,57.0
CA,sub_category,n_correct,38.0
CA,sub_category,precision,66.6
CA,sub_category,recall,77.5
CA,sub_category,f,71.6
CB,sub_category,n_gold,28.0
CB,sub_category,n_system,25.0
CB,sub_category,n_correct,17.0
CB,sub_category,precision,68.0
CB,sub_category,recall,60.7
CB,sub_category,f,64.1
GA,sub_category,n_gold,33.0
GA,sub_category,n_system,31.0
GA,sub_category,n_correct,20.0
GA,sub_category,precision,64.5
GA,sub_category,recall,60.6
GA,sub_category,f,62.5
GC,sub_category,n_gold,56.0
GC,sub_category,n_system,8.0
GC,sub_category,n_correct,6.0
GC,sub_category,precision,75.0
GC,sub_category,recall,10.7
GC,sub_category,f,18.7
PA,sub_category,n_gold,89.0
PA,sub_category,n_system,70.0
PA,sub_category,n_correct,60.0
PA,sub_category,precision,85.7
PA,sub_category,recall,67.4
PA,sub_category,f,75.4
PB,sub_category,n_gold,3.0
PB,sub_category,n_system,0.0
PB,sub_category,n_correct,0.0
PB,sub_category,precision,0.0
PB,sub_category,recall,0.0
PB,sub_category,f,0.0
SA,sub_category,n_gold,10.0
SA,sub_category,n_system,3.0
SA,sub_category,n_correct,2.0
SA,sub_category,precision,66.6
SA,sub_category,recall,20.0
SA,sub_category,f,30.7
Total,sub_category,n_gold,268.0
Total,sub_category,n_system,194.0
Total,sub_category,n_correct,143.0
Total,sub_category,precision,73.7
Total,sub_category,recall,53.3
Total,sub_category,f,61.9
C,super_category,n_gold,62.0
C,super_category,n_system,60.0
C,super_category,n_correct,45.0
C,super_category,precision,75.0
C,super_category,recall,72.5
C,super_category,f,73.7
G,super_category,n_gold,76.0
G,super_category,n_system,37.0
G,super_category,n_correct,37.0
G,super_category,precision,100.0
G,super_category,recall,48.6
G,super_category,f,65.4
P,super_category,n_gold,91.0
P,super_category,n_system,70.0
P,super_category,n_correct,61.0
P,super_category,precision,87.1
P,super_category,recall,67.0
P,super_category,f,75.7
S,super_category,n_gold,10.0
S,super_category,n_system,3.0
S,super_category,n_correct,2.0
S,super_category,precision,66.6
S,super_category,recall,20.0
S,super_category,f,30.7
Total,super_category,n_gold,239.0
Total,super_category,n_system,170.0
Total,super_category,n_correct,145.0
Total,super_category,precision,85.2
Total,super_category,recall,60.6
Total,super_category,f,70.9
