label,level,metric,value
CA,sub_category,n_gold,49.0
CA,sub_category,n_system,58.0
CA,sub_category,n_correct,41.0
CA,sub_category,precision,70.6
CA,sub_category,recall,83.6
CA,sub_category,f,76.6
CB,sub_category,n_gold,28.0
CB,sub_category,n_system,35.0
CB,sub_category,n_correct,24.0
CB,sub_category,precision,68.5
CB,sub_category,recall,85.7
CB,sub_category,f,76.1
GA,sub_category,n_gold,33.0
GA,sub_category,n_system,45.0
GA,sub_category,n_correct,26.0
GA,sub_category,precision,57.7
GA,sub_category,recall,78.7
GA,sub_category,f,66.6
GC,sub_category,n_gold,56.0
GC,sub_category,n_system,18.0
GC,sub_category,n_correct,13.0
GC,sub_category,precision,72.2
GC,sub_category,recall,23.2
GC,sub_category,f,35.1
PA,sub_category,n_gold,89.0
PA,sub_category,n_system,84.0
PA,sub_category,n_correct,74.0
PA,sub_category,precision,88.0
PA,sub_category,recall,83.1
PA,sub_category,f,85.5
PB,sub_category,n_gold,3.0
PB,sub_category,n_system,3.0
PB,sub_category,n_correct,1.0
PB,sub_category,precision,33.3
PB,sub_category,recall,33.3
PB,sub_category,f,33.3
SA,sub_category,n_gold,10.0
SA,sub_category,n_system,11.0
SA,sub_category,n_correct,6.0
SA,sub_category,precision,54.5
SA,sub_category,recall,60.0
SA,sub_category,f,57.1
Total,sub_category,n_gold,268.0
Total,sub_category,n_system,254.0
Total,sub_category,n_correct,185.0
Total,sub_category,precision,72.8
Total,sub_category,recall,69.0
Total,sub_category,f,70.8
C,super_category,n_gold,62.0
C,super_category,n_system,68.0
C,super_category,n_correct,53.0
C,super_category,precision,77.9
C,super_category,recall,85.4
C,super_category,f,81.5
G,super_category,n_gold,76.0
G,super_category,n_system,63.0
G,super_category,n_correct,51.0
G,super_category,precision,80.9
G,super_category,recall,67.1
G,super_category,f,73.3
P,super_category,n_gold,91.0
P,super_category,n_system,85.0
P,super_category,n_correct,75.0
P,super_category,precision,88.2
P,super_category,recall,82.4
P,super_category,f,85.2
S,super_category,n_gold,10.0
S,super_category,n_system,11.0
S,super_category,n_correct,6.0
S,super_category,precision,54.5
S,super_category,recall,60.0
S,super_category,f,57.1
Total,super_category,n_gold,239.0
Total,super_category,n_system,227.0
Total,super_category,n_correct,185.0
Total,super_category,precision,81.4
Total,super_category,recall,77.4
Total,super_category,f,79.3
