label,level,metric,value
CA,sub_category,n_gold,49.0
CA,sub_category,n_system,71.0
CA,sub_category,n_correct,25.0
CA,sub_category,precision,35.2
CA,sub_category,recall,51.0
CA,sub_category,f,41.6
CB,sub_category,n_gold,28.0
CB,sub_category,n_system,13.0
CB,sub_category,n_correct,9.0
CB,sub_category,precision,69.2
CB,sub_category,recall,32.1
CB,sub_category,f,43.9
GA,sub_category,n_gold,33.0
GA,sub_category,n_system,0.0
GA,sub_category,n_correct,0.0
GA,sub_category,precision,0.0
GA,sub_category,recall,0.0
GA,sub_category,f,0.0
GC,sub_category,n_gold,56.0
GC,sub_category,n_system,3.0
GC,sub_category,n_correct,3.0
GC,sub_category,precision,100.0
GC,sub_category,recall,5.3
GC,sub_category,f,10.1
PA,sub_category,n_gold,89.0
PA,sub_category,n_system,20.0
PA,sub_category,n_correct,15.0
PA,sub_category,precision,75.0
PA,sub_category,recall,16.8
PA,sub_category,f,27.5
PB,sub_category,n_gold,3.0
PB,sub_category,n_system,0.0
PB,sub_category,n_correct,0.0
PB,sub_category,precision,0.0
PB,sub_category,recall,0.0
PB,sub_category,f,0.0
SA,sub_category,n_gold,10.0
SA,sub_category,n_system,0.0
SA,sub_category,n_correct,0.0
SA,sub_category,precision,0.0
SA,sub_category,recall,0.0
SA,sub_category,f,0.0
Total,sub_category,n_gold,268.0
Total,sub_category,n_system,107.0
Total,sub_category,n_correct,52.0
Total,sub_category,precision,48.5
Total,sub_category,recall,19.4
Total,sub_category,f,27.7
C,super_category,n_gold,62.0
C,super_category,n_system,71.0
C,super_category,n_correct,32.0
C,super_category,precision,45.0
C,super_category,recall,51.6
C,super_category,f,48.1
G,super_category,n_gold,76.0
G,super_category,n_system,3.0
G,super_category,n_correct,3.0
G,super_category,precision,100.0
G,super_category,recall,3.9
G,super_category,f,7.5
P,super_category,n_gold,91.0
P,super_category,n_system,20.0
P,super_category,n_correct,17.0
P,super_category,precision,85.0
P,super_category,recall,18.6
P,super_category,f,30.6
S,super_category,n_gold,10.0
S,super_category,n_system,0.0
S,super_category,n_correct,0.0
S,super_category,precision,0.0
S,super_category,recall,0.0
S,super_category,f,0.0
Total,super_category,n_gold,239.0
Total,super_category,n_system,94.0
Total,super_category,n_correct,52.0
Total,super_category,precision,55.3
Total,super_category,recall,21.7
Total,super_category,f,31.2
