label,level,metric,value
CA,sub_category,n_gold,49.0
CA,sub_category,n_system,55.0
CA,sub_category,n_correct,39.0
CA,sub_category,precision,70.9
CA,sub_category,recall,79.5
CA,sub_category,f,75.0
CB,sub_category,n_gold,28.0
CB,sub_category,n_system,34.0
CB,sub_category,n_correct,24.0
CB,sub_category,precision,70.5
CB,sub_category,recall,85.7
CB,sub_category,f,77.4
GA,sub_category,n_gold,33.0
GA,sub_category,n_system,44.0
GA,sub_category,n_correct,26.0
GA,sub_category,precision,59.0
GA,sub_category,recall,78.7
GA,sub_category,f,67.5
GC,sub_category,n_gold,56.0
GC,sub_category,n_system,31.0
GC,sub_category,n_correct,20.0
GC,sub_category,precision,64.5
GC,sub_category,recall,35.7
GC,sub_category,f,45.9
PA,sub_category,n_gold,89.0
PA,sub_category,n_system,86.0
PA,sub_category,n_correct,74.0
PA,sub_category,precision,86.0
PA,sub_category,recall,83.1
PA,sub_category,f,84.5
PB,sub_category,n_gold,3.0
PB,sub_category,n_system,4.0
PB,sub_category,n_correct,1.0
PB,sub_category,precision,25.0
PB,sub_category,recall,33.3
PB,sub_category,f,28.5
SA,sub_category,n_gold,10.0
SA,sub_category,n_system,12.0
SA,sub_category,n_correct,7.0
SA,sub_category,precision,58.3
SA,sub_category,recall,70.0
SA,sub_category,f,63.6
Total,sub_category,n_gold,268.0
Total,sub_category,n_system,266.0
Total,sub_category,n_correct,191.0
Total,sub_category,precision,71.8
Total,sub_category,recall,71.2
Total,sub_category,f,71.5
C,super_category,n_gold,62.0
C,super_category,n_system,65.0
C,super_category,n_correct,51.0
C,super_category,precision,78.4
C,super_category,recall,82.2
C,super_category,f,80.3
G,super_category,n_gold,76.0
G,super_category,n_system,69.0
G,super_category,n_correct,54.0
G,super_category,precision,78.2
G,super_category,recall,71.0
G,super_category,f,74.4
P,super_category,n_gold,91.0
P,super_category,n_system,87.0
P,super_category,n_correct,75.0
P,super_category,precision,86.2
P,super_category,recall,82.4
P,super_category,f,84.2
S,super_category,n_gold,10.0
S,super_category,n_system,12.0
S,super_category,n_correct,7.0
S,super_category,precision,58.3
S,super_category,recall,70.0
S,super_category,f,63.6
Total,super_category,n_gold,239.0
Total,super_category,n_system,233.0
Total,super_category,n_correct,187.0
Total,super_category,precision,80.2
Total,super_category,recall,78.2
Total,super_category,f,79.2
