label,level,metric,value
CA,sub_category,n_gold,49.0
CA,sub_category,n_system,54.0
CA,sub_category,n_correct,42.0
CA,sub_category,precision,77.7
CA,sub_category,recall,85.7
CA,sub_category,f,81.5
CB,sub_category,n_gold,28.0
CB,sub_category,n_system,20.0
CB,sub_category,n_correct,20.0
CB,sub_category,precision,100.0
CB,sub_category,recall,71.4
CB,sub_category,f,83.3
GA,sub_category,n_gold,33.0
GA,sub_category,n_system,20.0
GA,sub_category,n_correct,19.0
GA,sub_category,precision,95.0
GA,sub_category,recall,57.5
GA,sub_category,f,71.6
GC,sub_category,n_gold,56.0
GC,sub_category,n_system,53.0
GC,sub_category,n_correct,46.0
GC,sub_category,precision,86.7
GC,sub_category,recall,82.1
GC,sub_category,f,84.4
PA,sub_category,n_gold,89.0
PA,sub_category,n_system,79.0
PA,sub_category,n_correct,74.0
PA,sub_category,precision,93.6
PA,sub_category,recall,83.1
PA,sub_category,f,88.0
PB,sub_category,n_gold,3.0
PB,sub_category,n_system,2.0
PB,sub_category,n_correct,2.0
PB,sub_category,precision,100.0
PB,sub_category,recall,66.6
PB,sub_category,f,80.0
SA,sub_category,n_gold,10.0
SA,sub_category,n_system,5.0
SA,sub_category,n_correct,3.0
SA,sub_category,precision,60.0
SA,sub_category,recall,30.0
SA,sub_category,f,40.0
Total,sub_category,n_gold,268.0
Total,sub_category,n_system,233.0
Total,sub_category,n_correct,206.0
Total,sub_category,precision,88.4
Total,sub_category,recall,76.8
Total,sub_category,f,82.2
C,super_category,n_gold,62.0
C,super_category,n_system,58.0
C,super_category,n_correct,49.0
C,super_category,precision,84.4
C,super_category,recall,79.0
C,super_category,f,81.6
G,super_category,n_gold,76.0
G,super_category,n_system,62.0
G,super_category,n_correct,60.0
G,super_category,precision,96.7
G,super_category,recall,78.9
G,super_category,f,86.9
P,super_category,n_gold,91.0
P,super_category,n_system,79.0
P,super_category,n_correct,76.0
P,super_category,precision,96.2
P,super_category,recall,83.5
P,super_category,f,89.4
S,super_category,n_gold,10.0
S,super_category,n_system,5.0
S,super_category,n_correct,3.0
S,super_category,precision,60.0
S,super_category,recall,30.0
S,super_category,f,40.0
Total,super_category,n_gold,239.0
Total,super_category,n_system,204.0
Total,super_category,n_correct,188.0
Total,super_category,precision,92.1
Total,super_category,recall,78.6
Total,super_category,f,84.8
