label,level,metric,value
CA,sub_category,n_gold,49.0
CA,sub_category,n_system,35.0
CA,sub_category,n_correct,27.0
CA,sub_category,precision,77.1
CA,sub_category,recall,55.1
CA,sub_category,f,64.2
CB,sub_category,n_gold,28.0
CB,sub_category,n_system,30.0
CB,sub_category,n_correct,26.0
CB,sub_category,precision,86.6
CB,sub_category,recall,92.8
CB,sub_category,f,89.6
GA,sub_category,n_gold,33.0
GA,sub_category,n_system,53.0
GA,sub_category,n_correct,22.0
GA,sub_category,precision,41.5
GA,sub_category,recall,66.6
GA,sub_category,f,51.1
GC,sub_category,n_gold,56.0
GC,sub_category,n_system,0.0
GC,sub_category,n_correct,0.0
GC,sub_category,precision,0.0
GC,sub_category,recall,0.0
GC,sub_category,f,0.0
PA,sub_category,n_gold,89.0
PA,sub_category,n_system,64.0
PA,sub_category,n_correct,59.0
PA,sub_category,precision,92.1
PA,sub_category,recall,66.2
PA,sub_category,f,77.1
PB,sub_category,n_gold,3.0
PB,sub_category,n_system,2.0
PB,sub_category,n_correct,1.0
PB,sub_category,precision,50.0
PB,sub_category,recall,33.3
PB,sub_category,f,40.0
SA,sub_category,n_gold,10.0
SA,sub_category,n_system,19.0
SA,sub_category,n_correct,7.0
SA,sub_category,precision,36.8
SA,sub_category,recall,70.0
SA,sub_category,f,48.2
Total,sub_category,n_gold,268.0
Total,sub_category,n_system,203.0
Total,sub_category,n_correct,142.0
Total,sub_category,precision,69.9
Total,sub_category,recall,52.9
Total,sub_category,f,60.2
C,super_category,n_gold,62.0
C,super_category,n_system,56.0
C,super_category,n_correct,46.0
C,super_category,precision,82.1
C,super_category,recall,74.1
C,super_category,f,77.9
G,super_category,n_gold,76.0
G,super_category,n_system,53.0
G,super_category,n_correct,47.0
G,super_category,precision,88.6
G,super_category,recall,61.8
G,super_category,f,72.8
P,super_category,n_gold,91.0
P,super_category,n_system,65.0
P,super_category,n_correct,60.0
P,super_category,precision,92.3
P,super_category,recall,65.9
P,super_category,f,76.9
S,super_category,n_gold,10.0
S,super_category,n_system,19.0
S,super_category,n_correct,7.0
S,super_category,precision,36.8
S,super_category,recall,70.0
S,super_category,f,48.2
Total,super_category,n_gold,239.0
Total,super_category,n_system,193.0
Total,super_category,n_correct,160.0
Total,super_category,precision,82.9
Total,super_category,recall,66.9
Total,super_category,f,74.0
