label,level,metric,value
CA,sub_category,n_gold,49.0
CA,sub_category,n_system,51.0
CA,sub_category,n_correct,22.0
CA,sub_category,precision,43.1
CA,sub_category,recall,44.8
CA,sub_category,f,43.9
CB,sub_category,n_gold,28.0
CB,sub_category,n_system,8.0
CB,sub_category,n_correct,7.0
CB,sub_category,precision,87.5
CB,sub_category,recall,25.0
CB,sub_category,f,38.8
GA,sub_category,n_gold,33.0
GA,sub_category,n_system,0.0
GA,sub_category,n_correct,0.0
GA,sub_category,precision,0.0
GA,sub_category,recall,0.0
GA,sub_category,f,0.0
GC,sub_category,n_gold,56.0
GC,sub_category,n_system,1.0
GC,sub_category,n_correct,1.0
GC,sub_category,precision,100.0
GC,sub_category,recall,1.7
GC,sub_category,f,3.5
PA,sub_category,n_gold,89.0
PA,sub_category,n_system,30.0
PA,sub_category,n_correct,21.0
PA,sub_category,precision,70.0
PA,sub_category,recall,23.5
PA,sub_category,f,35.2
PB,sub_category,n_gold,3.0
PB,sub_category,n_system,0.0
PB,sub_category,n_correct,0.0
PB,sub_category,precision,0.0
PB,sub_category,recall,0.0
PB,sub_category,f,0.0
SA,sub_category,n_gold,10.0
SA,sub_category,n_system,0.0
SA,sub_category,n_correct,0.0
SA,sub_category,precision,0.0
SA,sub_category,recall,0.0
SA,sub_category,f,0.0
Total,sub_category,n_gold,268.0
Total,sub_category,n_system,90.0
Total,sub_category,n_correct,51.0
Total,sub_category,precision,56.6
Total,sub_category,recall,19.0
Total,sub_category,f,28.4
C,super_category,n_gold,62.0
C,super_category,n_system,51.0
C,super_category,n_correct,31.0
C,super_category,precision,60.7
C,super_category,recall,50.0
C,super_category,f,54.8
G,super_category,n_gold,76.0
G,super_category,n_system,1.0
G,super_category,n_correct,1.0
G,super_category,precision,100.0
G,super_category,recall,1.3
G,super_category,f,2.5
P,super_category,n_gold,91.0
P,super_category,n_system,30.0
P,super_category,n_correct,23.0
P,super_category,precision,76.6
P,super_category,recall,25.2
P,super_category,f,38.0
S,super_category,n_gold,10.0
S,super_category,n_system,0.0
S,super_category,n_correct,0.0
S,super_category,precision,0.0
S,super_category,recall,0.0
S,super_category,f,0.0
Total,super_category,n_gold,239.0
Total,super_category,n_system,82.0
Total,super_category,n_correct,55.0
Total,super_category,precision,67.0
Total,super_category,recall,23.0
Total,super_category,f,34.2
