label,level,metric,value
CA,sub_category,n_gold,49.0
CA,sub_category,n_system,47.0
CA,sub_category,n_correct,21.0
CA,sub_category,precision,44.6
CA,sub_category,recall,42.8
CA,sub_category,f,43.7
CB,sub_category,n_gold,28.0
CB,sub_category,n_system,25.0
CB,sub_category,n_correct,17.0
CB,sub_category,precision,68.0
CB,sub_category,recall,60.7
CB,sub_category,f,64.1
GA,sub_category,n_gold,33.0
GA,sub_category,n_system,48.0
GA,sub_category,n_correct,28.0
GA,sub_category,precision,58.3
GA,sub_category,recall,84.8
GA,sub_category,f,69.1
GC,sub_category,n_gold,56.0
GC,sub_category,n_system,26.0
GC,sub_category,n_correct,20.0
GC,sub_category,precision,76.9
GC,sub_category,recall,35.7
GC,sub_category,f,48.7
PA,sub_category,n_gold,89.0
PA,sub_category,n_system,65.0
PA,sub_category,n_correct,52.0
PA,sub_category,precision,80.0
PA,sub_category,recall,58.4
PA,sub_category,f,67.5
PB,sub_category,n_gold,3.0
PB,sub_category,n_system,9.0
PB,sub_category,n_correct,0.0
PB,sub_category,precision,0.0
PB,sub_category,recall,0.0
PB,sub_category,f,0.0
SA,sub_category,n_gold,10.0
SA,sub_category,n_system,29.0
SA,sub_category,n_correct,5.0
SA,sub_category,precision,17.2
SA,sub_category,recall,50.0
SA,sub_category,f,25.6
Total,sub_category,n_gold,268.0
Total,sub_category,n_system,249.0
Total,sub_category,n_correct,143.0
Total,sub_category,precision,57.4
Total,sub_category,recall,53.3
Total,sub_category,f,55.3
C,super_category,n_gold,62.0
C,super_category,n_system,59.0
C,super_category,n_correct,37.0
C,super_category,precision,62.7
C,super_category,recall,59.6
C,super_category,f,61.1
G,super_category,n_gold,76.0
G,super_category,n_system,72.0
G,super_category,n_correct,61.0
G,super_category,precision,84.7
G,super_category,recall,80.2
G,super_category,f,82.4
P,super_category,n_gold,91.0
P,super_category,n_system,70.0
P,super_category,n_correct,59.0
P,super_category,precision,84.2
P,super_category,recall,64.8
P,super_category,f,73.2
S,super_category,n_gold,10.0
S,super_category,n_system,29.0
S,super_category,n_correct,5.0
S,super_category,precision,17.2
S,super_category,recall,50.0
S,super_category,f,25.6
Total,super_category,n_gold,239.0
Total,super_category,n_system,230.0
Total,super_category,n_correct,162.0
Total,super_category,precision,70.4
Total,super_category,recall,67.7
Total,super_category,f,69.0
