label,level,metric,value
CA,sub_category,n_gold,49.0
CA,sub_category,n_system,57.0
CA,sub_category,n_correct,44.0
CA,sub_category,precision,77.1
CA,sub_category,recall,89.7
CA,sub_category,f,83.0
CB,sub_category,n_gold,28.0
CB,sub_category,n_system,28.0
CB,sub_category,n_correct,25.0
CB,sub_category,precision,89.2
CB,sub_category,recall,89.2
CB,sub_category,f,89.2
GA,sub_category,n_gold,33.0
GA,sub_category,n_system,30.0
GA,sub_category,n_correct,28.0
GA,sub_category,precision,93.3
GA,sub_category,recall,84.8
GA,sub_category,f,88.8
GC,sub_category,n_gold,56.0
GC,sub_category,n_system,51.0
GC,sub_category,n_correct,46.0
GC,sub_category,precision,90.1
GC,sub_category,recall,82.1
GC,sub_category,f,85.9
PA,sub_category,n_gold,89.0
PA,sub_category,n_system,80.0
PA,sub_category,n_correct,79.0
PA,sub_category,precision,98.7
PA,sub_category,recall,88.7
PA,sub_category,f,93.4
PB,sub_category,n_gold,3.0
PB,sub_category,n_system,3.0
PB,sub_category,n_correct,3.0
PB,sub_category,precision,100.0
PB,sub_category,recall,100.0
PB,sub_category,f,100.0
SA,sub_category,n_gold,10.0
SA,sub_category,n_system,8.0
SA,sub_category,n_correct,7.0
SA,sub_category,precision,87.5
SA,sub_category,recall,70.0
SA,sub_category,f,77.7
Total,sub_category,n_gold,268.0
Total,sub_category,n_system,257.0
Total,sub_category,n_correct,232.0
Total,sub_category,precision,90.2
Total,sub_category,recall,86.5
Total,sub_category,f,88.3
C,super_category,n_gold,62.0
C,super_category,n_system,64.0
C,super_category,n_correct,55.0
C,super_category,precision,85.9
C,super_category,recall,88.7
C,super_category,f,87.3
G,super_category,n_gold,76.0
G,super_category,n_system,67.0
G,super_category,n_correct,65.0
G,super_category,precision,97.0
G,super_category,recall,85.5
G,super_category,f,90.9
P,super_category,n_gold,91.0
P,super_category,n_system,82.0
P,super_category,n_correct,81.0
P,super_category,precision,98.7
P,super_category,recall,89.0
P,super_category,f,93.6
S,super_category,n_gold,10.0
S,super_category,n_system,8.0
S,super_category,n_correct,7.0
S,super_category,precision,87.5
S,super_category,recall,70.0
S,super_category,f,77.7
Total,super_category,n_gold,239.0
Total,super_category,n_system,221.0
Total,super_category,n_correct,208.0
Total,super_category,precision,94.1
Total,super_category,recall,87.0
Total,super_category,f,90.4
