label,level,metric,value
CA,sub_category,n_gold,49.0
CA,sub_category,n_system,35.0
CA,sub_category,n_correct,25.0
CA,sub_category,precision,71.4
CA,sub_category,recall,51.0
CA,sub_category,f,59.5
CB,sub_category,n_gold,28.0
CB,sub_category,n_system,12.0
CB,sub_category,n_correct,12.0
CB,sub_category,precision,100.0
CB,sub_category,recall,42.8
CB,sub_category,f,60.0
GA,sub_category,n_gold,33.0
GA,sub_category,n_system,13.0
GA,sub_category,n_correct,6.0
GA,sub_category,precision,46.1
GA,sub_category,recall,18.1
GA,sub_category,f,26.0
GC,sub_category,n_gold,56.0
GC,sub_category,n_system,28.0
GC,sub_category,n_correct,24.0
GC,sub_category,precision,85.7
GC,sub_category,recall,42.8
GC,sub_category,f,57.1
PA,sub_category,n_gold,89.0
PA,sub_category,n_system,67.0
PA,sub_category,n_correct,60.0
PA,sub_category,precision,89.5
PA,sub_category,recall,67.4
PA,sub_category,f,76.9
PB,sub_category,n_gold,3.0
PB,sub_category,n_system,0.0
PB,sub_category,n_correct,0.0
PB,sub_category,precision,0.0
PB,sub_category,recall,0.0
PB,sub_category,f,0.0
SA,sub_category,n_gold,10.0
SA,sub_category,n_system,1.0
SA,sub_category,n_correct,1.0
SA,sub_category,precision,100.0
SA,sub_category,recall,10.0
SA,sub_category,f,18.1
Total,sub_category,n_gold,268.0
Total,sub_category,n_system,156.0
Total,sub_category,n_correct,128.0
Total,sub_category,precision,82.0
Total,sub_category,recall,47.7
Total,sub_category,f,60.3
C,super_category,n_gold,62.0
C,super_category,n_system,38.0
C,super_category,n_correct,32.0
C,super_category,precision,84.2
C,super_category,recall,51.6
C,super_category,f,63.9
G,super_category,n_gold,76.0
G,super_category,n_system,39.0
G,super_category,n_correct,36.0
G,super_category,precision,92.3
G,super_category,recall,47.3
G,super_category,f,62.6
P,super_category,n_gold,91.0
P,super_category,n_system,67.0
P,super_category,n_correct,62.0
P,super_category,precision,92.5
P,super_category,recall,68.1
P,super_category,f,78.4
S,super_category,n_gold,10.0
S,super_category,n_system,1.0
S,super_category,n_correct,1.0
S,super_category,precision,100.0
S,super_category,recall,10.0
S,super_category,f,18.1
Total,super_category,n_gold,239.0
Total,super_category,n_system,145.0
Total,super_category,n_correct,131.0
Total,super_category,precision,90.3
Total,super_category,recall,54.8
Total,super_category,f,68.2
