label,level,metric,value
CA,sub_category,n_gold,49.0
CA,sub_category,n_system,47.0
CA,sub_category,n_correct,32.0
CA,sub_category,precision,68.0
CA,sub_category,recall,65.3
CA,sub_category,f,66.6
CB,sub_category,n_gold,28.0
CB,sub_category,n_system,9.0
CB,sub_category,n_correct,9.0
CB,sub_category,precision,100.0
CB,sub_category,recall,32.1
CB,sub_category,f,48.6
GA,sub_category,n_gold,33.0
GA,sub_category,n_system,17.0
GA,sub_category,n_correct,11.0
GA,sub_category,precision,64.7
GA,sub_category,recall,33.3
GA,sub_category,f,44.0
GC,sub_category,n_gold,56.0
GC,sub_category,n_system,26.0
GC,sub_category,n_correct,19.0
GC,sub_category,precision,73.0
GC,sub_category,recall,33.9
GC,sub_category,f,46.3
PA,sub_category,n_gold,89.0
PA,sub_category,n_system,50.0
PA,sub_category,n_correct,46.0
PA,sub_category,precision,92.0
PA,sub_category,recall,51.6
PA,sub_category,f,66.1
PB,sub_category,n_gold,3.0
PB,sub_category,n_system,0.0
PB,sub_category,n_correct,0.0
PB,sub_category,precision,0.0
PB,sub_category,recall,0.0
PB,sub_category,f,0.0
SA,sub_category,n_gold,10.0
SA,sub_category,n_system,2.0
SA,sub_category,n_correct,1.0
SA,sub_category,precision,50.0
SA,sub_category,recall,10.0
SA,sub_category,f,16.6
Total,sub_category,n_gold,268.0
Total,sub_category,n_system,151.0
Total,sub_category,n_correct,118.0
Total,sub_category,precision,78.1
Total,sub_category,recall,44.0
Total,sub_category,f,56.3
C,super_category,n_gold,62.0
C,super_category,n_system,47.0
C,super_category,n_correct,36.0
C,super_category,precision,76.5
C,super_category,recall,58.0
C,super_category,f,66.0
G,super_category,n_gold,76.0
G,super_category,n_system,36.0
G,super_category,n_correct,34.0
G,super_category,precision,94.4
G,super_category,recall,44.7
G,super_category,f,60.7
P,super_category,n_gold,91.0
P,super_category,n_system,50.0
P,super_category,n_correct,48.0
P,super_category,precision,96.0
P,super_category,recall,52.7
P,super_category,f,68.0
S,super_category,n_gold,10.0
S,super_category,n_system,2.0
S,super_category,n_correct,1.0
S,super_category,precision,50.0
S,super_category,recall,10.0
S,super_category,f,16.6
Total,super_category,n_gold,239.0
Total,super_category,n_system,135.0
Total,super_category,n_correct,119.0
Total,super_category,precision,88.1
Total,super_category,recall,49.7
Total,super_category,f,63.6
