label,level,metric,value
CA,sub_category,n_gold,49.0
CA,sub_category,n_system,33.0
CA,sub_category,n_correct,17.0
CA,sub_category,precision,51.5
CA,sub_category,recall,34.6
CA,sub_category,f,41.4
CB,sub_category,n_gold,28.0
CB,sub_category,n_system,29.0
CB,sub_category,n_correct,17.0
CB,sub_category,precision,58.6
CB,sub_category,recall,60.7
CB,sub_category,f,59.6
GA,sub_category,n_gold,33.0
GA,sub_category,n_system,47.0
GA,sub_category,n_correct,27.0
GA,sub_category,precision,57.4
GA,sub_category,recall,81.8
GA,sub_category,f,67.5
GC,sub_category,n_gold,56.0
GC,sub_category,n_system,51.0
GC,sub_category,n_correct,29.0
GC,sub_category,precision,56.8
GC,sub_category,recall,51.7
GC,sub_category,f,54.2
PA,sub_category,n_gold,89.0
PA,sub_category,n_system,87.0
PA,sub_category,n_correct,67.0
PA,sub_category,precision,77.0
PA,sub_category,recall,75.2
PA,sub_category,f,76.1
PB,sub_category,n_gold,3.0
PB,sub_category,n_system,17.0
PB,sub_category,n_correct,1.0
PB,sub_category,precision,5.8
PB,sub_category,recall,33.3
PB,sub_category,f,10.0
SA,sub_category,n_gold,10.0
SA,sub_category,n_system,31.0
SA,sub_category,n_correct,7.0
SA,sub_category,precision,22.5
SA,sub_category,recall,70.0
SA,sub_category,f,34.1
Total,sub_category,n_gold,268.0
Total,sub_category,n_system,295.0
Total,sub_category,n_correct,165.0
Total,sub_category,precision,55.9
Total,sub_category,recall,61.5
Total,sub_category,f,58.6
C,super_category,n_gold,62.0
C,super_category,n_system,51.0
C,super_category,n_correct,37.0
C,super_category,precision,72.5
C,super_category,recall,59.6
C,super_category,f,65.4
G,super_category,n_gold,76.0
G,super_category,n_system,88.0
G,super_category,n_correct,68.0
G,super_category,precision,77.2
G,super_category,recall,89.4
G,super_category,f,82.9
P,super_category,n_gold,91.0
P,super_category,n_system,88.0
P,super_category,n_correct,69.0
P,super_category,precision,78.4
P,super_category,recall,75.8
P,super_category,f,77.0
S,super_category,n_gold,10.0
S,super_category,n_system,31.0
S,super_category,n_correct,7.0
S,super_category,precision,22.5
S,super_category,recall,70.0
S,super_category,f,34.1
Total,super_category,n_gold,239.0
Total,super_category,n_system,258.0
Total,super_category,n_correct,181.0
Total,super_category,precision,70.1
Total,super_category,recall,75.7
Total,super_category,f,72.8
