label,level,metric,value
CA,sub_category,n_gold,49.0
CA,sub_category,n_system,56.0
CA,sub_category,n_correct,44.0
CA,sub_category,precision,78.5
CA,sub_category,recall,89.7
CA,sub_category,f,83.8
CB,sub_category,n_gold,28.0
CB,sub_category,n_system,28.0
CB,sub_category,n_correct,24.0
CB,sub_category,precision,85.7
CB,sub_category,recall,85.7
CB,sub_category,f,85.7
GA,sub_category,n_gold,33.0
GA,sub_category,n_system,25.0
GA,sub_category,n_correct,23.0
GA,sub_category,precision,92.0
GA,sub_category,recall,69.6
GA,sub_category,f,79.3
GC,sub_category,n_gold,56.0
GC,sub_category,n_system,52.0
GC,sub_category,n_correct,46.0
GC,sub_category,precision,88.4
GC,sub_category,recall,82.1
GC,sub_category,f,85.1
PA,sub_category,n_gold,89.0
PA,sub_category,n_system,85.0
PA,sub_category,n_correct,82.0
PA,sub_category,precision,96.4
PA,sub_category,recall,92.1
PA,sub_category,f,94.2
PB,sub_category,n_gold,3.0
PB,sub_category,n_system,3.0
PB,sub_category,n_correct,3.0
PB,sub_category,precision,100.0
PB,sub_category,recall,100.0
PB,sub_category,f,100.0
SA,sub_category,n_gold,10.0
SA,sub_category,n_system,6.0
SA,sub_category,n_correct,5.0
SA,sub_category,precision,83.3
SA,sub_category,recall,50.0
SA,sub_category,f,62.5
Total,sub_category,n_gold,268.0
Total,sub_category,n_system,255.0
Total,sub_category,n_correct,227.0
Total,sub_category,precision,89.0
Total,sub_category,recall,84.7
Total,sub_category,f,86.8
C,super_category,n_gold,62.0
C,super_category,n_system,62.0
C,super_category,n_correct,54.0
C,super_category,precision,87.0
C,super_category,recall,87.0
C,super_category,f,87.0
G,super_category,n_gold,76.0
G,super_category,n_system,66.0
G,super_category,n_correct,64.0
G,super_category,precision,96.9
G,super_category,recall,84.2
G,super_category,f,90.1
P,super_category,n_gold,91.0
P,super_category,n_system,86.0
P,super_category,n_correct,84.0
P,super_category,precision,97.6
P,super_category,recall,92.3
P,super_category,f,94.9
S,super_category,n_gold,10.0
S,super_category,n_system,6.0
S,super_category,n_correct,5.0
S,super_category,precision,83.3
S,super_category,recall,50.0
S,super_category,f,62.5
Total,super_category,n_gold,239.0
Total,super_category,n_system,220.0
Total,super_category,n_correct,207.0
Total,super_category,precision,94.0
Total,super_category,recall,86.6
Total,super_category,f,90.1
