label,level,metric,value
CA,sub_category,n_gold,49.0
CA,sub_category,n_system,48.0
CA,sub_category,n_correct,34.0
CA,sub_category,precision,70.8
CA,sub_category,recall,69.3
CA,sub_category,f,70.1
CB,sub_category,n_gold,28.0
CB,sub_category,n_system,25.0
CB,sub_category,n_correct,21.0
CB,sub_category,precision,84.0
CB,sub_category,recall,75.0
CB,sub_category,f,79.2
GA,sub_category,n_gold,33.0
GA,sub_category,n_system,28.0
GA,sub_category,n_correct,17.0
GA,sub_category,precision,60.7
GA,sub_category,recall,51.5
GA,sub_category,f,55.7
GC,sub_category,n_gold,56.0
GC,sub_category,n_system,42.0
GC,sub_category,n_correct,29.0
GC,sub_category,precision,69.0
GC,sub_category,recall,51.7
GC,sub_category,f,59.1
PA,sub_category,n_gold,89.0
PA,sub_category,n_system,74.0
PA,sub_category,n_correct,68.0
PA,sub_category,precision,91.8
PA,sub_category,recall,76.4
PA,sub_category,f,83.4
PB,sub_category,n_gold,3.0
PB,sub_category,n_system,0.0
PB,sub_category,n_correct,0.0
PB,sub_category,precision,0.0
PB,sub_category,recall,0.0
PB,sub_category,f,0.0
SA,sub_category,n_gold,10.0
SA,sub_category,n_system,6.0
SA,sub_category,n_correct,4.0
SA,sub_category,precision,66.6
SA,sub_category,recall,40.0
SA,sub_category,f,50.0
Total,sub_category,n_gold,268.0
Total,sub_category,n_system,223.0
Total,sub_category,n_correct,173.0
Total,sub_category,precision,77.5
Total,sub_category,recall,64.5
Total,sub_category,f,70.4
C,super_category,n_gold,62.0
C,super_category,n_system,55.0
C,super_category,n_correct,46.0
C,super_category,precision,83.6
C,super_category,recall,74.1
C,super_category,f,78.6
G,super_category,n_gold,76.0
G,super_category,n_system,60.0
G,super_category,n_correct,49.0
G,super_category,precision,81.6
G,super_category,recall,64.4
G,super_category,f,72.0
P,super_category,n_gold,91.0
P,super_category,n_system,74.0
P,super_category,n_correct,70.0
P,super_category,precision,94.5
P,super_category,recall,76.9
P,super_category,f,84.8
S,super_category,n_gold,10.0
S,super_category,n_system,6.0
S,super_category,n_correct,4.0
S,super_category,precision,66.6
S,super_category,recall,40.0
S,super_category,f,50.0
Total,super_category,n_gold,239.0
Total,super_category,n_system,195.0
Total,super_category,n_correct,169.0
Total,super_category,precision,86.6
Total,super_category,recall,70.7
Total,super_category,f,77.8
