label,level,metric,value
CA,sub_category,n_gold,49.0
CA,sub_category,n_system,54.0
CA,sub_category,n_correct,43.0
CA,sub_category,precision,79.6
CA,sub_category,recall,87.7
CA,sub_category,f,83.4
CB,sub_category,n_gold,28.0
CB,sub_category,n_system,29.0
CB,sub_category,n_correct,24.0
CB,sub_category,precision,82.7
CB,sub_category,recall,85.7
CB,sub_category,f,84.2
GA,sub_category,n_gold,33.0
GA,sub_category,n_system,29.0
GA,sub_category,n_correct,27.0
GA,sub_category,precision,93.1
GA,sub_category,recall,81.8
GA,sub_category,f,87.0
GC,sub_category,n_gold,56.0
GC,sub_category,n_system,52.0
GC,sub_category,n_correct,46.0
GC,sub_category,precision,88.4
GC,sub_category,recall,82.1
GC,sub_category,f,85.1
PA,sub_category,n_gold,89.0
PA,sub_category,n_system,84.0
PA,sub_category,n_correct,81.0
PA,sub_category,precision,96.4
PA,sub_category,recall,91.0
PA,sub_category,f,93.6
PB,sub_category,n_gold,3.0
PB,sub_category,n_system,2.0
PB,sub_category,n_correct,2.0
PB,sub_category,precision,100.0
PB,sub_category,recall,66.6
PB,sub_category,f,80.0
SA,sub_category,n_gold,10.0
SA,sub_category,n_system,8.0
SA,sub_category,n_correct,6.0
SA,sub_category,precision,75.0
SA,sub_category,recall,60.0
SA,sub_category,f,66.6
Total,sub_category,n_gold,268.0
Total,sub_category,n_system,258.0
Total,sub_category,n_correct,229.0
Total,sub_category,precision,88.7
Total,sub_category,recall,85.4
Total,sub_category,f,87.0
C,super_category,n_gold,62.0
C,super_category,n_system,62.0
C,super_category,n_correct,55.0
C,super_category,precision,88.7
C,super_category,recall,88.7
C,super_category,f,88.7
G,super_category,n_gold,76.0
G,super_category,n_system,68.0
G,super_category,n_correct,64.0
G,super_category,precision,94.1
G,super_category,recall,84.2
G,super_category,f,88.8
P,super_category,n_gold,91.0
P,super_category,n_system,85.0
P,super_category,n_correct,83.0
P,super_category,precision,97.6
P,super_category,recall,91.2
P,super_category,f,94.3
S,super_category,n_gold,10.0
S,super_category,n_system,8.0
S,super_category,n_correct,6.0
S,super_category,precision,75.0
S,super_category,recall,60.0
S,super_category,f,66.6
Total,super_category,n_gold,239.0
Total,super_category,n_system,223.0
Total,super_category,n_correct,208.0
Total,super_category,precision,93.2
Total,super_category,recall,87.0
Total,super_category,f,90.0
