label,level,metric,value
CA,sub_category,n_gold,49.0
CA,sub_category,n_system,0.0
CA,sub_category,n_correct,0.0
CA,sub_category,precision,0.0
CA,sub_category,recall,0.0
CA,sub_category,f,0.0
CB,sub_category,n_gold,28.0
CB,sub_category,n_system,0.0
CB,sub_category,n_correct,0.0
CB,sub_category,precision,0.0
CB,sub_category,recall,0.0
CB,sub_category,f,0.0
GA,sub_category,n_gold,33.0
GA,sub_category,n_system,0.0
GA,sub_category,n_correct,0.0
GA,sub_category,precision,0.0
GA,sub_category,recall,0.0
GA,sub_category,f,0.0
GC,sub_category,n_gold,56.0
GC,sub_category,n_system,13.0
GC,sub_category,n_correct,8.0
GC,sub_category,precision,61.5
GC,sub_category,recall,14.2
GC,sub_category,f,23.1
PA,sub_category,n_gold,89.0
PA,sub_category,n_system,6.0
PA,sub_category,n_correct,4.0
PA,sub_category,precision,66.6
PA,sub_category,recall,4.4
PA,sub_category,f,8.4
PB,sub_category,n_gold,3.0
PB,sub_category,n_system,0.0
PB,sub_category,n_correct,0.0
PB,sub_category,precision,0.0
PB,sub_category,recall,0.0
PB,sub_category,f,0.0
SA,sub_category,n_gold,10.0
SA,sub_category,n_system,4.0
SA,sub_category,n_correct,0.0
SA,sub_category,precision,0.0
SA,sub_category,recall,0.0
SA,sub_category,f,0.0
Total,sub_category,n_gold,268.0
Total,sub_category,n_system,23.0
Total,sub_category,n_correct,12.0
Total,sub_category,precision,52.1
Total,sub_category,recall,4.4
Total,sub_category,f,8.2
C,super_category,n_gold,62.0
C,super_category,n_system,0.0
C,super_category,n_correct,0.0
C,super_category,precision,0.0
C,super_category,recall,0.0
C,super_category,f,0.0
G,super_category,n_gold,76.0
G,super_category,n_system,13.0
G,super_category,n_correct,10.0
G,super_category,precision,76.9
G,super_category,recall,13.1
G,super_category,f,22.4
P,super_category,n_gold,91.0
P,super_category,n_system,6.0
P,super_category,n_correct,4.0
P,super_category,precision,66.6
P,super_category,recall,4.3
P,super_category,f,8.2
S,super_category,n_gold,10.0
S,super_category,n_system,4.0
S,super_category,n_correct,0.0
S,super_category,precision,0.0
S,super_category,recall,0.0
S,super_category,f,0.0
Total,super_category,n_gold,239.0
Total,super_category,n_system,23.0
Total,super_category,n_correct,14.0
Total,super_category,precision,60.8
Total,super_category,recall,5.8
Total,super_category,f,10.6
