label,level,metric,value
CA,sub_category,n_gold,49.0
CA,sub_category,n_system,55.0
CA,sub_category,n_correct,44.0
CA,sub_category,precision,80.0
CA,sub_category,recall,89.7
CA,sub_category,f,84.6
CB,sub_category,n_gold,28.0
CB,sub_category,n_system,28.0
CB,sub_category,n_correct,25.0
CB,sub_category,precision,89.2
CB,sub_category,recall,89.2
CB,sub_category,f,89.2
GA,sub_category,n_gold,33.0
GA,sub_category,n_system,34.0
GA,sub_category,n_correct,30.0
GA,sub_category,precision,88.2
GA,sub_category,recall,90.9
GA,sub_category,f,89.5
GC,sub_category,n_gold,56.0
GC,sub_category,n_system,54.0
GC,sub_category,n_correct,47.0
GC,sub_category,precision,87.0
GC,sub_category,recall,83.9
GC,sub_category,f,85.4
PA,sub_category,n_gold,89.0
PA,sub_category,n_system,81.0
PA,sub_category,n_correct,80.0
PA,sub_category,precision,98.7
PA,sub_category,recall,89.8
PA,sub_category,f,94.1
PB,sub_category,n_gold,3.0
PB,sub_category,n_system,3.0
PB,sub_category,n_correct,3.0
PB,sub_category,precision,100.0
PB,sub_category,recall,100.0
PB,sub_category,f,100.0
SA,sub_category,n_gold,10.0
SA,sub_category,n_system,10.0
SA,sub_category,n_correct,6.0
SA,sub_category,precision,60.0
SA,sub_category,recall,60.0
SA,sub_category,f,60.0
Total,sub_category,n_gold,268.0
Total,sub_category,n_system,265.0
Total,sub_category,n_correct,235.0
Total,sub_category,precision,88.6
Total,sub_category,recall,87.6
Total,sub_category,f,88.1
C,super_category,n_gold,62.0
C,super_category,n_system,64.0
C,super_category,n_correct,55.0
C,super_category,precision,85.9
C,super_category,recall,88.7
C,super_category,f,87.3
G,super_category,n_gold,76.0
G,super_category,n_system,72.0
G,super_category,n_correct,68.0
G,super_category,precision,94.4
G,super_category,recall,89.4
G,super_category,f,91.8
P,super_category,n_gold,91.0
P,super_category,n_system,83.0
P,super_category,n_correct,82.0
P,super_category,precision,98.7
P,super_category,recall,90.1
P,super_category,f,94.2
S,super_category,n_gold,10.0
S,super_category,n_system,10.0
S,super_category,n_correct,6.0
S,super_category,precision,60.0
S,super_category,recall,60.0
S,super_category,f,60.0
Total,super_category,n_gold,239.0
Total,super_category,n_system,229.0
Total,super_category,n_correct,211.0
Total,super_category,precision,92.1
Total,super_category,recall,88.2
Total,super_category,f,90.1
