label,level,metric,value
CA,sub_category,n_gold,49.0
CA,sub_category,n_system,67.0
CA,sub_category,n_correct,30.0
CA,sub_category,precision,44.7
CA,sub_category,recall,61.2
CA,sub_category,f,51.7
CB,sub_category,n_gold,28.0
CB,sub_category,n_system,12.0
CB,sub_category,n_correct,9.0
CB,sub_category,precision,75.0
CB,sub_category,recall,32.1
CB,sub_category,f,45.0
GA,sub_category,n_gold,33.0
GA,sub_category,n_system,0.0
GA,sub_category,n_correct,0.0
GA,sub_category,precision,0.0
GA,sub_category,recall,0.0
GA,sub_category,f,0.0
GC,sub_category,n_gold,56.0
GC,sub_category,n_system,4.0
GC,sub_category,n_correct,3.0
GC,sub_category,precision,75.0
GC,sub_category,recall,5.3
GC,sub_category,f,9.9
PA,sub_category,n_gold,89.0
PA,sub_category,n_system,13.0
PA,sub_category,n_correct,9.0
PA,sub_category,precision,69.2
PA,sub_category,recall,10.1
PA,sub_category,f,17.6
PB,sub_category,n_gold,3.0
PB,sub_category,n_system,0.0
PB,sub_category,n_correct,0.0
PB,sub_category,precision,0.0
PB,sub_category,recall,0.0
PB,sub_category,f,0.0
SA,sub_category,n_gold,10.0
SA,sub_category,n_system,0.0
SA,sub_category,n_correct,0.0
SA,sub_category,precision,0.0
SA,sub_category,recall,0.0
SA,sub_category,f,0.0
Total,sub_category,n_gold,268.0
Total,sub_category,n_system,96.0
Total,sub_category,n_correct,51.0
Total,sub_category,precision,53.1
Total,sub_category,recall,19.0
Total,sub_category,f,28.0
C,super_category,n_gold,62.0
C,super_category,n_system,67.0
C,super_category,n_correct,39.0
C,super_category,precision,58.2
C,super_category,recall,62.9
C,super_category,f,60.4
G,super_category,n_gold,76.0
G,super_category,n_system,4.0
G,super_category,n_correct,3.0
G,super_category,precision,75.0
G,super_category,recall,3.9
G,super_category,f,7.5
P,super_category,n_gold,91.0
P,super_category,n_system,13.0
P,super_category,n_correct,11.0
P,super_category,precision,84.6
P,super_category,recall,12.0
P,super_category,f,21.1
S,super_category,n_gold,10.0
S,super_category,n_system,0.0
S,super_category,n_correct,0.0
S,super_category,precision,0.0
S,super_category,recall,0.0
S,super_category,f,0.0
Total,super_category,n_gold,239.0
Total,super_category,n_system,84.0
Total,super_category,n_correct,53.0
Total,super_category,precision,63.0
Total,super_category,recall,22.1
Total,super_category,f,32.8
