label,level,metric,value
CA,sub_category,n_gold,49.0
CA,sub_category,n_system,53.0
CA,sub_category,n_correct,41.0
CA,sub_category,precision,77.3
CA,sub_category,recall,83.6
CA,sub_category,f,80.3
CB,sub_category,n_gold,28.0
CB,sub_category,n_system,20.0
CB,sub_category,n_correct,20.0
CB,sub_category,precision,100.0
CB,sub_category,recall,71.4
CB,sub_category,f,83.3
GA,sub_category,n_gold,33.0
GA,sub_category,n_system,29.0
GA,sub_category,n_correct,24.0
GA,sub_category,precision,82.7
GA,sub_category,recall,72.7
GA,sub_category,f,77.4
GC,sub_category,n_gold,56.0
GC,sub_category,n_system,52.0
GC,sub_category,n_correct,46.0
GC,sub_category,precision,88.4
GC,sub_category,recall,82.1
GC,sub_category,f,85.1
PA,sub_category,n_gold,89.0
PA,sub_category,n_system,75.0
PA,sub_category,n_correct,72.0
PA,sub_category,precision,96.0
PA,sub_category,recall,80.8
PA,sub_category,f,87.8
PB,sub_category,n_gold,3.0
PB,sub_category,n_system,0.0
PB,sub_category,n_correct,0.0
PB,sub_category,precision,0.0
PB,sub_category,recall,0.0
PB,sub_category,f,0.0
SA,sub_category,n_gold,10.0
SA,sub_category,n_system,1.0
SA,sub_category,n_correct,1.0
SA,sub_category,precision,100.0
SA,sub_category,recall,10.0
SA,sub_category,f,18.1
Total,sub_category,n_gold,268.0
Total,sub_category,n_system,230.0
Total,sub_category,n_correct,204.0
Total,sub_category,precision,88.6
Total,sub_category,recall,76.1
Total,sub_category,f,81.9
C,super_category,n_gold,62.0
C,super_category,n_system,59.0
C,super_category,n_correct,49.0
C,super_category,precision,83.0
C,super_category,recall,79.0
C,super_category,f,80.9
G,super_category,n_gold,76.0
G,super_category,n_system,61.0
G,super_category,n_correct,59.0
G,super_category,precision,96.7
G,super_category,recall,77.6
G,super_category,f,86.1
P,super_category,n_gold,91.0
P,super_category,n_system,75.0
P,super_category,n_correct,73.0
P,super_category,precision,97.3
P,super_category,recall,80.2
P,super_category,f,87.9
S,super_category,n_gold,10.0
S,super_category,n_system,1.0
S,super_category,n_correct,1.0
S,super_category,precision,100.0
S,super_category,recall,10.0
S,super_category,f,18.1
Total,super_category,n_gold,239.0
Total,super_category,n_system,196.0
Total,super_category,n_correct,182.0
Total,super_category,precision,92.8
Total,super_category,recall,76.1
Total,super_category,f,83.6
