label,level,metric,value
CA,sub_category,n_gold,49.0
CA,sub_category,n_system,57.0
CA,sub_category,n_correct,40.0
CA,sub_category,precision,70.1
CA,sub_category,recall,81.6
CA,sub_category,f,75.4
CB,sub_category,n_gold,28.0
CB,sub_category,n_system,31.0
CB,sub_category,n_correct,23.0
CB,sub_category,precision,74.1
CB,sub_category,recall,82.1
CB,sub_category,f,77.9
GA,sub_category,n_gold,33.0
GA,sub_category,n_system,38.0
GA,sub_category,n_correct,22.0
GA,sub_category,precision,57.8
GA,sub_category,recall,66.6
GA,sub_category,f,61.9
GC,sub_category,n_gold,56.0
GC,sub_category,n_system,26.0
GC,sub_category,n_correct,21.0
GC,sub_category,precision,80.7
GC,sub_category,recall,37.5
GC,sub_category,f,51.2
PA,sub_category,n_gold,89.0
PA,sub_category,n_system,85.0
PA,sub_category,n_correct,74.0
PA,sub_category,precision,87.0
PA,sub_category,recall,83.1
PA,sub_category,f,85.0
PB,sub_category,n_gold,3.0
PB,sub_category,n_system,0.0
PB,sub_category,n_correct,0.0
PB,sub_category,precision,0.0
PB,sub_category,recall,0.0
PB,sub_category,f,0.0
SA,sub_category,n_gold,10.0
SA,sub_category,n_system,7.0
SA,sub_category,n_correct,3.0
SA,sub_category,precision,42.8
SA,sub_category,recall,30.0
SA,sub_category,f,35.2
Total,sub_category,n_gold,268.0
Total,sub_category,n_system,244.0
Total,sub_category,n_correct,183.0
Total,sub_category,precision,75.0
Total,sub_category,recall,68.2
Total,sub_category,f,71.4
C,super_category,n_gold,62.0
C,super_category,n_system,65.0
C,super_category,n_correct,51.0
C,super_category,precision,78.4
C,super_category,recall,82.2
C,super_category,f,80.3
G,super_category,n_gold,76.0
G,super_category,n_system,57.0
G,super_category,n_correct,48.0
G,super_category,precision,84.2
G,super_category,recall,63.1
G,super_category,f,72.1
P,super_category,n_gold,91.0
P,super_category,n_system,85.0
P,super_category,n_correct,74.0
P,super_category,precision,87.0
P,super_category,recall,81.3
P,super_category,f,84.0
S,super_category,n_gold,10.0
S,super_category,n_system,7.0
S,super_category,n_correct,3.0
S,super_category,precision,42.8
S,super_category,recall,30.0
S,super_category,f,35.2
Total,super_category,n_gold,239.0
Total,super_category,n_system,214.0
Total,super_category,n_correct,176.0
Total,super_category,precision,82.2
Total,super_category,recall,73.6
Total,super_category,f,77.7
