label,level,metric,value
CA,sub_category,n_gold,49.0
CA,sub_category,n_system,35.0
CA,sub_category,n_correct,19.0
CA,sub_category,precision,54.2
CA,sub_category,recall,38.7
CA,sub_category,f,45.2
CB,sub_category,n_gold,28.0
CB,sub_category,n_system,39.0
CB,sub_category,n_correct,18.0
CB,sub_category,precision,46.1
CB,sub_category,recall,64.2
CB,sub_category,f,53.7
GA,sub_category,n_gold,33.0
GA,sub_category,n_system,78.0
GA,sub_category,n_correct,31.0
GA,sub_category,precision,39.7
GA,sub_category,recall,93.9
GA,sub_category,f,55.8
GC,sub_category,n_gold,56.0
GC,sub_category,n_system,40.0
GC,sub_category,n_correct,15.0
GC,sub_category,precision,37.5
GC,sub_category,recall,26.7
GC,sub_category,f,31.2
PA,sub_category,n_gold,89.0
PA,sub_category,n_system,121.0
PA,sub_category,n_correct,69.0
PA,sub_category,precision,57.0
PA,sub_category,recall,77.5
PA,sub_category,f,65.7
PB,sub_category,n_gold,3.0
PB,sub_category,n_system,15.0
PB,sub_category,n_correct,0.0
PB,sub_category,precision,0.0
PB,sub_category,recall,0.0
PB,sub_category,f,0.0
SA,sub_category,n_gold,10.0
SA,sub_category,n_system,33.0
SA,sub_category,n_correct,7.0
SA,sub_category,precision,21.2
SA,sub_category,recall,70.0
SA,sub_category,f,32.5
Total,sub_category,n_gold,268.0
Total,sub_category,n_system,361.0
Total,sub_category,n_correct,159.0
Total,sub_category,precision,44.0
Total,sub_category,recall,59.3
Total,sub_category,f,50.5
C,super_category,n_gold,62.0
C,super_category,n_system,64.0
C,super_category,n_correct,40.0
C,super_category,precision,62.5
C,super_category,recall,64.5
C,super_category,f,63.4
G,super_category,n_gold,76.0
G,super_category,n_system,78.0
G,super_category,n_correct,58.0
G,super_category,precision,74.3
G,super_category,recall,76.3
G,super_category,f,75.3
P,super_category,n_gold,91.0
P,super_category,n_system,124.0
P,super_category,n_correct,71.0
P,super_category,precision,57.2
P,super_category,recall,78.0
P,super_category,f,66.0
S,super_category,n_gold,10.0
S,super_category,n_system,33.0
S,super_category,n_correct,7.0
S,super_category,precision,21.2
S,super_category,recall,70.0
S,super_category,f,32.5
Total,super_category,n_gold,239.0
Total,super_category,n_system,299.0
Total,super_category,n_correct,176.0
Total,super_category,precision,58.8
Total,super_category,recall,73.6
Total,super_category,f,65.4
