label,level,metric,value
CA,sub_category,n_gold,49.0
CA,sub_category,n_system,0.0
CA,sub_category,n_correct,0.0
CA,sub_category,precision,0.0
CA,sub_category,recall,0.0
CA,sub_category,f,0.0
CB,sub_category,n_gold,28.0
CB,sub_category,n_system,0.0
CB,sub_category,n_correct,0.0
CB,sub_category,precision,0.0
CB,sub_category,recall,0.0
CB,sub_category,f,0.0
GA,sub_category,n_gold,33.0
GA,sub_category,n_system,0.0
GA,sub_category,n_correct,0.0
GA,sub_category,precision,0.0
GA,sub_category,recall,0.0
GA,sub_category,f,0.0
GC,sub_category,n_gold,56.0
GC,sub_category,n_system,18.0
GC,sub_category,n_correct,6.0
GC,sub_category,precision,33.3
GC,sub_category,recall,10.7
GC,sub_category,f,16.2
PA,sub_category,n_gold,89.0
PA,sub_category,n_system,2.0
PA,sub_category,n_correct,1.0
PA,sub_category,precision,50.0
PA,sub_category,recall,1.1
PA,sub_category,f,2.1
PB,sub_category,n_gold,3.0
PB,sub_category,n_system,0.0
PB,sub_category,n_correct,0.0
PB,sub_category,precision,0.0
PB,sub_category,recall,0.0
PB,sub_category,f,0.0
SA,sub_category,n_gold,10.0
SA,sub_category,n_system,0.0
SA,sub_category,n_correct,0.0
SA,sub_category,precision,0.0
SA,sub_category,recall,0.0
SA,sub_category,f,0.0
Total,sub_category,n_gold,268.0
Total,sub_category,n_system,20.0
Total,sub_category,n_correct,7.0
Total,sub_category,precision,35.0
Total,sub_category,recall,2.6
Total,sub_category,f,4.8
C,super_category,n_gold,62.0
C,super_category,n_system,0.0
C,super_category,n_correct,0.0
C,super_category,precision,0.0
C,super_category,recall,0.0
C,super_category,f,0.0
G,super_category,n_gold,76.0
G,super_category,n_system,18.0
G,super_category,n_correct,9.0
G,super_category,precision,50.0
G,super_category,recall,11.8
G,super_category,f,19.1
P,super_category,n_gold,91.0
P,super_category,n_system,2.0
P,super_category,n_correct,1.0
P,super_category,precision,50.0
P,super_category,recall,1.0
P,super_category,f,2.1
S,super_category,n_gold,10.0
S,super_category,n_system,0.0
S,super_category,n_correct,0.0
S,super_category,precision,0.0
S,super_category,recall,0.0
S,super_category,f,0.0
Total,super_category,n_gold,239.0
Total,super_category,n_system,20.0
Total,super_category,n_correct,10.0
Total,super_category,precision,50.0
Total,super_category,recall,4.1
Total,super_category,f,7.7
