label,level,metric,value
CA,sub_category,n_gold,49.0
CA,sub_category,n_system,46.0
CA,sub_category,n_correct,35.0
CA,sub_category,precision,76.0
CA,sub_category,recall,71.4
CA,sub_category,f,73.6
CB,sub_category,n_gold,28.0
CB,sub_category,n_system,25.0
CB,sub_category,n_correct,21.0
CB,sub_category,precision,84.0
CB,sub_category,recall,75.0
CB,sub_category,f,79.2
GA,sub_category,n_gold,33.0
GA,sub_category,n_system,30.0
GA,sub_category,n_correct,19.0
GA,sub_category,precision,63.3
GA,sub_category,recall,57.5
GA,sub_category,f,60.3
GC,sub_category,n_gold,56.0
GC,sub_category,n_system,34.0
GC,sub_category,n_correct,28.0
GC,sub_category,precision,82.3
GC,sub_category,recall,50.0
GC,sub_category,f,62.2
PA,sub_category,n_gold,89.0
PA,sub_category,n_system,60.0
PA,sub_category,n_correct,55.0
PA,sub_category,precision,91.6
PA,sub_category,recall,61.7
PA,sub_category,f,73.8
PB,sub_category,n_gold,3.0
PB,sub_category,n_system,1.0
PB,sub_category,n_correct,1.0
PB,sub_category,precision,100.0
PB,sub_category,recall,33.3
PB,sub_category,f,50.0
SA,sub_category,n_gold,10.0
SA,sub_category,n_system,5.0
SA,sub_category,n_correct,3.0
SA,sub_category,precision,60.0
SA,sub_category,recall,30.0
SA,sub_category,f,40.0
Total,sub_category,n_gold,268.0
Total,sub_category,n_system,201.0
Total,sub_category,n_correct,162.0
Total,sub_category,precision,80.5
Total,sub_category,recall,60.4
Total,sub_category,f,69.0
C,super_category,n_gold,62.0
C,super_category,n_system,51.0
C,super_category,n_correct,43.0
C,super_category,precision,84.3
C,super_category,recall,69.3
C,super_category,f,76.1
G,super_category,n_gold,76.0
G,super_category,n_system,51.0
G,super_category,n_correct,48.0
G,super_category,precision,94.1
G,super_category,recall,63.1
G,super_category,f,75.5
P,super_category,n_gold,91.0
P,super_category,n_system,61.0
P,super_category,n_correct,57.0
P,super_category,precision,93.4
P,super_category,recall,62.6
P,super_category,f,75.0
S,super_category,n_gold,10.0
S,super_category,n_system,5.0
S,super_category,n_correct,3.0
S,super_category,precision,60.0
S,super_category,recall,30.0
S,super_category,f,40.0
Total,super_category,n_gold,239.0
Total,super_category,n_system,168.0
Total,super_category,n_correct,151.0
Total,super_category,precision,89.8
Total,super_category,recall,63.1
Total,super_category,f,74.2
