label,level,metric,value
CA,sub_category,n_gold,49.0
CA,sub_category,n_system,56.0
CA,sub_category,n_correct,40.0
CA,sub_category,precision,71.4
CA,sub_category,recall,81.6
CA,sub_category,f,76.1
CB,sub_category,n_gold,28.0
CB,sub_category,n_system,26.0
CB,sub_category,n_correct,25.0
CB,sub_category,precision,96.1
CB,sub_category,recall,89.2
CB,sub_category,f,92.5
GA,sub_category,n_gold,33.0
GA,sub_category,n_system,18.0
GA,sub_category,n_correct,15.0
GA,sub_category,precision,83.3
GA,sub_category,recall,45.4
GA,sub_category,f,58.8
GC,sub_category,n_gold,56.0
GC,sub_category,n_system,22.0
GC,sub_category,n_correct,18.0
GC,sub_category,precision,81.8
GC,sub_category,recall,32.1
GC,sub_category,f,46.1
PA,sub_category,n_gold,89.0
PA,sub_category,n_system,70.0
PA,sub_category,n_correct,65.0
PA,sub_category,precision,92.8
PA,sub_category,recall,73.0
PA,sub_category,f,81.7
PB,sub_category,n_gold,3.0
PB,sub_category,n_system,1.0
PB,sub_category,n_correct,1.0
PB,sub_category,precision,100.0
PB,sub_category,recall,33.3
PB,sub_category,f,50.0
SA,sub_category,n_gold,10.0
SA,sub_category,n_system,7.0
SA,sub_category,n_correct,4.0
SA,sub_category,precision,57.1
SA,sub_category,recall,40.0
SA,sub_category,f,47.0
Total,sub_category,n_gold,268.0
Total,sub_category,n_system,200.0
Total,sub_category,n_correct,168.0
Total,sub_category,precision,84.0
Total,sub_category,recall,62.6
Total,sub_category,f,71.7
C,super_category,n_gold,62.0
C,super_category,n_system,64.0
C,super_category,n_correct,52.0
C,super_category,precision,81.2
C,super_category,recall,83.8
C,super_category,f,82.5
G,super_category,n_gold,76.0
G,super_category,n_system,39.0
G,super_category,n_correct,35.0
G,super_category,precision,89.7
G,super_category,recall,46.0
G,super_category,f,60.8
P,super_category,n_gold,91.0
P,super_category,n_system,71.0
P,super_category,n_correct,66.0
P,super_category,precision,92.9
P,super_category,recall,72.5
P,super_category,f,81.4
S,super_category,n_gold,10.0
S,super_category,n_system,7.0
S,super_category,n_correct,4.0
S,super_category,precision,57.1
S,super_category,recall,40.0
S,super_category,f,47.0
Total,super_category,n_gold,239.0
Total,super_category,n_system,181.0
Total,super_category,n_correct,157.0
Total,super_category,precision,86.7
Total,super_category,recall,65.6
Total,super_category,f,74.7
