label,level,metric,value
CA,sub_category,n_gold,49.0
CA,sub_category,n_system,58.0
CA,sub_category,n_correct,41.0
CA,sub_category,precision,70.6
CA,sub_category,recall,83.6
CA,sub_category,f,76.6
CB,sub_category,n_gold,28.0
CB,sub_category,n_system,33.0
CB,sub_category,n_correct,25.0
CB,sub_category,precision,75.7
CB,sub_category,recall,89.2
CB,sub_category,f,81.9
GA,sub_category,n_gold,33.0
GA,sub_category,n_system,37.0
GA,sub_category,n_correct,21.0
GA,sub_category,precision,56.7
GA,sub_category,recall,63.6
GA,sub_category,f,60.0
GC,sub_category,n_gold,56.0
GC,sub_category,n_system,27.0
GC,sub_category,n_correct,21.0
GC,sub_category,precision,77.7
GC,sub_category,recall,37.5
GC,sub_category,f,50.6
PA,sub_category,n_gold,89.0
PA,sub_category,n_system,80.0
PA,sub_category,n_correct,71.0
PA,sub_category,precision,88.7
PA,sub_category,recall,79.7
PA,sub_category,f,84.0
PB,sub_category,n_gold,3.0
PB,sub_category,n_system,2.0
PB,sub_category,n_correct,1.0
PB,sub_category,precision,50.0
PB,sub_category,recall,33.3
PB,sub_category,f,40.0
SA,sub_category,n_gold,10.0
SA,sub_category,n_system,9.0
SA,sub_category,n_correct,5.0
SA,sub_category,precision,55.5
SA,sub_category,recall,50.0
SA,sub_category,f,52.6
Total,sub_category,n_gold,268.0
Total,sub_category,n_system,246.0
Total,sub_category,n_correct,185.0
Total,sub_category,precision,75.2
Total,sub_category,recall,69.0
Total,sub_category,f,71.9
C,super_category,n_gold,62.0
C,super_category,n_system,68.0
C,super_category,n_correct,53.0
C,super_category,precision,77.9
C,super_category,recall,85.4
C,super_category,f,81.5
G,super_category,n_gold,76.0
G,super_category,n_system,60.0
G,super_category,n_correct,48.0
G,super_category,precision,80.0
G,super_category,recall,63.1
G,super_category,f,70.5
P,super_category,n_gold,91.0
P,super_category,n_system,81.0
P,super_category,n_correct,72.0
P,super_category,precision,88.8
P,super_category,recall,79.1
P,super_category,f,83.7
S,super_category,n_gold,10.0
S,super_category,n_system,9.0
S,super_category,n_correct,5.0
S,super_category,precision,55.5
S,super_category,recall,50.0
S,super_category,f,52.6
Total,super_category,n_gold,239.0
Total,super_category,n_system,218.0
Total,super_category,n_correct,178.0
Total,super_category,precision,81.6
Total,super_category,recall,74.4
Total,super_category,f,77.8
