label,level,metric,value
CA,sub_category,n_gold,49.0
CA,sub_category,n_system,45.0
CA,sub_category,n_correct,21.0
CA,sub_category,precision,46.6
CA,sub_category,recall,42.8
CA,sub_category,f,44.6
CB,sub_category,n_gold,28.0
CB,sub_category,n_system,12.0
CB,sub_category,n_correct,6.0
CB,sub_category,precision,50.0
CB,sub_category,recall,21.4
CB,sub_category,f,30.0
GA,sub_category,n_gold,33.0
GA,sub_category,n_system,0.0
GA,sub_category,n_correct,0.0
GA,sub_category,precision,0.0
GA,sub_category,recall,0.0
GA,sub_category,f,0.0
GC,sub_category,n_gold,56.0
GC,sub_category,n_system,0.0
GC,sub_category,n_correct,0.0
GC,sub_category,precision,0.0
GC,sub_category,recall,0.0
GC,sub_category,f,0.0
PA,sub_category,n_gold,89.0
PA,sub_category,n_system,16.0
PA,sub_category,n_correct,10.0
PA,sub_category,precision,62.5
PA,sub_category,recall,11.2
PA,sub_category,f,19.0
PB,sub_category,n_gold,3.0
PB,sub_category,n_system,0.0
PB,sub_category,n_correct,0.0
PB,sub_category,precision,0.0
PB,sub_category,recall,0.0
PB,sub_category,f,0.0
SA,sub_category,n_gold,10.0
SA,sub_category,n_system,0.0
SA,sub_category,n_correct,0.0
SA,sub_category,precision,0.0
SA,sub_category,recall,0.0
SA,sub_category,f,0.0
Total,sub_category,n_gold,268.0
Total,sub_category,n_system,73.0
Total,sub_category,n_correct,37.0
Total,sub_category,precision,50.6
Total,sub_category,recall,13.8
Total,sub_category,f,21.7
C,super_category,n_gold,62.0
C,super_category,n_system,45.0
C,super_category,n_correct,24.0
C,super_category,precision,53.3
C,super_category,recall,38.7
C,super_category,f,44.8
G,super_category,n_gold,76.0
G,super_category,n_system,0.0
G,super_category,n_correct,0.0
G,super_category,precision,0.0
G,super_category,recall,0.0
G,super_category,f,0.0
P,super_category,n_gold,91.0
P,super_category,n_system,16.0
P,super_category,n_correct,10.0
P,super_category,precision,62.5
P,super_category,recall,10.9
P,super_category,f,18.6
S,super_category,n_gold,10.0
S,super_category,n_system,0.0
S,super_category,n_correct,0.0
S,super_category,precision,0.0
S,super_category,recall,0.0
S,super_category,f,0.0
Total,super_category,n_gold,239.0
Total,super_category,n_system,61.0
Total,super_category,n_correct,34.0
Total,super_category,precision,55.7
Total,super_category,recall,14.2
Total,super_category,f,22.6
