label,level,metric,value
CA,sub_category,n_gold,49.0
CA,sub_category,n_system,50.0
CA,sub_category,n_correct,36.0
CA,sub_category,precision,72.0
CA,sub_category,recall,73.4
CA,sub_category,f,72.7
CB,sub_category,n_gold,28.0
CB,sub_category,n_system,29.0
CB,sub_category,n_correct,21.0
CB,sub_category,precision,72.4
CB,sub_category,recall,75.0
CB,sub_category,f,73.6
GA,sub_category,n_gold,33.0
GA,sub_category,n_system,32.0
GA,sub_category,n_correct,19.0
GA,sub_category,precision,59.3
GA,sub_category,recall,57.5
GA,sub_category,f,58.4
GC,sub_category,n_gold,56.0
GC,sub_category,n_system,3.0
GC,sub_category,n_correct,2.0
GC,sub_category,precision,66.6
GC,sub_category,recall,3.5
GC,sub_category,f,6.7
PA,sub_category,n_gold,89.0
PA,sub_category,n_system,70.0
PA,sub_category,n_correct,60.0
PA,sub_category,precision,85.7
PA,sub_category,recall,67.4
PA,sub_category,f,75.4
PB,sub_category,n_gold,3.0
PB,sub_category,n_system,1.0
PB,sub_category,n_correct,1.0
PB,sub_category,precision,100.0
PB,sub_category,recall,33.3
PB,sub_category,f,50.0
SA,sub_category,n_gold,10.0
SA,sub_category,n_system,4.0
SA,sub_category,n_correct,2.0
SA,sub_category,precision,50.0
SA,sub_category,recall,20.0
SA,sub_category,f,28.5
Total,sub_category,n_gold,268.0
Total,sub_category,n_system,189.0
Total,sub_category,n_correct,141.0
Total,sub_category,precision,74.6
Total,sub_category,recall,52.6
Total,sub_category,f,61.7
C,super_category,n_gold,62.0
C,super_category,n_system,57.0
C,super_category,n_correct,44.0
C,super_category,precision,77.1
C,super_category,recall,70.9
C,super_category,f,73.9
G,super_category,n_gold,76.0
G,super_category,n_system,35.0
G,super_category,n_correct,34.0
G,super_category,precision,97.1
G,super_category,recall,44.7
G,super_category,f,61.2
P,super_category,n_gold,91.0
P,super_category,n_system,71.0
P,super_category,n_correct,61.0
P,super_category,precision,85.9
P,super_category,recall,67.0
P,super_category,f,75.3
S,super_category,n_gold,10.0
S,super_category,n_system,4.0
S,super_category,n_correct,2.0
S,super_category,precision,50.0
S,super_category,recall,20.0
S,super_category,f,28.5
Total,super_category,n_gold,239.0
Total,super_category,n_system,167.0
Total,super_category,n_correct,141.0
Total,super_category,precision,84.4
Total,super_category,recall,58.9
Total,super_category,f,69.4
