label,level,metric,value
CA,sub_category,n_gold,49.0
CA,sub_category,n_system,58.0
CA,sub_category,n_correct,44.0
CA,sub_category,precision,75.8
CA,sub_category,recall,89.7
CA,sub_category,f,82.2
CB,sub_category,n_gold,28.0
CB,sub_category,n_system,29.0
CB,sub_category,n_correct,26.0
CB,sub_category,precision,89.6
CB,sub_category,recall,92.8
CB,sub_category,f,91.2
GA,sub_category,n_gold,33.0
GA,sub_category,n_system,33.0
GA,sub_category,n_correct,28.0
GA,sub_category,precision,84.8
GA,sub_category,recall,84.8
GA,sub_category,f,84.8
GC,sub_category,n_gold,56.0
GC,sub_category,n_system,50.0
GC,sub_category,n_correct,45.0
GC,sub_category,precision,90.0
GC,sub_category,recall,80.3
GC,sub_category,f,84.9
PA,sub_category,n_gold,89.0
PA,sub_category,n_system,87.0
PA,sub_category,n_correct,83.0
PA,sub_category,precision,95.4
PA,sub_category,recall,93.2
PA,sub_category,f,94.3
PB,sub_category,n_gold,3.0
PB,sub_category,n_system,2.0
PB,sub_category,n_correct,2.0
PB,sub_category,precision,100.0
PB,sub_category,recall,66.6
PB,sub_category,f,80.0
SA,sub_category,n_gold,10.0
SA,sub_category,n_system,8.0
SA,sub_category,n_correct,6.0
SA,sub_category,precision,75.0
SA,sub_category,recall,60.0
SA,sub_category,f,66.6
Total,sub_category,n_gold,268.0
Total,sub_category,n_system,267.0
Total,sub_category,n_correct,234.0
Total,sub_category,precision,87.6
Total,sub_category,recall,87.3
Total,sub_category,f,87.4
C,super_category,n_gold,62.0
C,super_category,n_system,67.0
C,super_category,n_correct,56.0
C,super_category,precision,83.5
C,super_category,recall,90.3
C,super_category,f,86.8
G,super_category,n_gold,76.0
G,super_category,n_system,69.0
G,super_category,n_correct,66.0
G,super_category,precision,95.6
G,super_category,recall,86.8
G,super_category,f,91.0
P,super_category,n_gold,91.0
P,super_category,n_system,88.0
P,super_category,n_correct,84.0
P,super_category,precision,95.4
P,super_category,recall,92.3
P,super_category,f,93.8
S,super_category,n_gold,10.0
S,super_category,n_system,8.0
S,super_category,n_correct,6.0
S,super_category,precision,75.0
S,super_category,recall,60.0
S,super_category,f,66.6
Total,super_category,n_gold,239.0
Total,super_category,n_system,232.0
Total,super_category,n_correct,212.0
Total,super_category,precision,91.3
Total,super_category,recall,88.7
Total,super_category,f,90.0
