label,level,metric,value
CA,sub_category,n_gold,49.0
CA,sub_category,n_system,0.0
CA,sub_category,n_correct,0.0
CA,sub_category,precision,0.0
CA,sub_category,recall,0.0
CA,sub_category,f,0.0
CB,sub_category,n_gold,28.0
CB,sub_category,n_system,0.0
CB,sub_category,n_correct,0.0
CB,sub_category,precision,0.0
CB,sub_category,recall,0.0
CB,sub_category,f,0.0
GA,sub_category,n_gold,33.0
GA,sub_category,n_system,0.0
GA,sub_category,n_correct,0.0
GA,sub_category,precision,0.0
GA,sub_category,recall,0.0
GA,sub_category,f,0.0
GC,sub_category,n_gold,56.0
GC,sub_category,n_system,15.0
GC,sub_category,n_correct,11.0
GC,sub_category,precision,73.3
GC,sub_category,recall,19.6
GC,sub_category,f,30.9
PA,sub_category,n_gold,89.0
PA,sub_category,n_system,5.0
PA,sub_category,n_correct,4.0
PA,sub_category,precision,80.0
PA,sub_category,recall,4.4
PA,sub_category,f,8.5
PB,sub_category,n_gold,3.0
PB,sub_category,n_system,0.0
PB,sub_category,n_correct,0.0
PB,sub_category,precision,0.0
PB,sub_category,recall,0.0
PB,sub_category,f,0.0
SA,sub_category,n_gold,10.0
SA,sub_category,n_system,0.0
SA,sub_category,n_correct,0.0
SA,sub_category,precision,0.0
SA,sub_category,recall,0.0
SA,sub_category,f,0.0
Total,sub_category,n_gold,268.0
Total,sub_category,n_system,20.0
Total,sub_category,n_correct,15.0
Total,sub_category,precision,75.0
Total,sub_category,recall,5.5
Total,sub_category,f,10.4
C,super_category,n_gold,62.0
C,super_category,n_system,0.0
C,super_category,n_correct,0.0
C,super_category,precision,0.0
C,super_category,recall,0.0
C,super_category,f,0.0
G,super_category,n_gold,76.0
G,super_category,n_system,15.0
G,super_category,n_correct,11.0
G,super_category,precision,73.3
G,super_category,recall,14.4
G,super_category,f,24.1
P,super_category,n_gold,91.0
P,super_category,n_system,5.0
P,super_category,n_correct,5.0
P,super_category,precision,100.0
P,super_category,recall,5.4
P,super_category,f,10.4
S,super_category,n_gold,10.0
S,super_category,n_system,0.0
S,super_category,n_correct,0.0
S,super_category,precision,0.0
S,super_category,recall,0.0
S,super_category,f,0.0
Total,super_category,n_gold,239.0
Total,super_category,n_system,20.0
Total,super_category,n_correct,16.0
Total,super_category,precision,80.0
Total,super_category,recall,6.6
Total,super_category,f,12.3
