label,level,metric,value
CA,sub_category,n_gold,49.0
CA,sub_category,n_system,41.0
CA,sub_category,n_correct,19.0
CA,sub_category,precision,46.3
CA,sub_category,recall,38.7
CA,sub_category,f,42.2
CB,sub_category,n_gold,28.0
CB,sub_category,n_system,9.0
CB,sub_category,n_correct,7.0
CB,sub_category,precision,77.7
CB,sub_category,recall,25.0
CB,sub_category,f,37.8
GA,sub_category,n_gold,33.0
GA,sub_category,n_system,0.0
GA,sub_category,n_correct,0.0
GA,sub_category,precision,0.0
GA,sub_category,recall,0.0
GA,sub_category,f,0.0
GC,sub_category,n_gold,56.0
GC,sub_category,n_system,0.0
GC,sub_category,n_correct,0.0
GC,sub_category,precision,0.0
GC,sub_category,recall,0.0
GC,sub_category,f,0.0
PA,sub_category,n_gold,89.0
PA,sub_category,n_system,37.0
PA,sub_category,n_correct,26.0
PA,sub_category,precision,70.2
PA,sub_category,recall,29.2
PA,sub_category,f,41.2
PB,sub_category,n_gold,3.0
PB,sub_category,n_system,0.0
PB,sub_category,n_correct,0.0
PB,sub_category,precision,0.0
PB,sub_category,recall,0.0
PB,sub_category,f,0.0
SA,sub_category,n_gold,10.0
SA,sub_category,n_system,0.0
SA,sub_category,n_correct,0.0
SA,sub_category,precision,0.0
SA,sub_category,recall,0.0
SA,sub_category,f,0.0
Total,sub_category,n_gold,268.0
Total,sub_category,n_system,87.0
Total,sub_category,n_correct,52.0
Total,sub_category,precision,59.7
Total,sub_category,recall,19.4
Total,sub_category,f,29.2
C,super_category,n_gold,62.0
C,super_category,n_system,42.0
C,super_category,n_correct,23.0
C,super_category,precision,54.7
C,super_category,recall,37.0
C,super_category,f,44.2
G,super_category,n_gold,76.0
G,super_category,n_system,0.0
G,super_category,n_correct,0.0
G,super_category,precision,0.0
G,super_category,recall,0.0
G,super_category,f,0.0
P,super_category,n_gold,91.0
P,super_category,n_system,37.0
P,super_category,n_correct,28.0
P,super_category,precision,75.6
P,super_category,recall,30.7
P,super_category,f,43.7
S,super_category,n_gold,10.0
S,super_category,n_system,0.0
S,super_category,n_correct,0.0
S,super_category,precision,0.0
S,super_category,recall,0.0
S,super_category,f,0.0
Total,super_category,n_gold,239.0
Total,super_category,n_system,79.0
Total,super_category,n_correct,51.0
Total,super_category,precision,64.5
Total,super_category,recall,21.3
Total,super_category,f,32.0
