label,level,metric,value
CA,sub_category,n_gold,49.0
CA,sub_category,n_system,59.0
CA,sub_category,n_correct,19.0
CA,sub_category,precision,32.2
CA,sub_category,recall,38.7
CA,sub_category,f,35.1
CB,sub_category,n_gold,28.0
CB,sub_category,n_system,5.0
CB,sub_category,n_correct,4.0
CB,sub_category,precision,80.0
CB,sub_category,recall,14.2
CB,sub_category,f,24.2
GA,sub_category,n_gold,33.0
GA,sub_category,n_system,0.0
GA,sub_category,n_correct,0.0
GA,sub_category,precision,0.0
GA,sub_category,recall,0.0
GA,sub_category,f,0.0
GC,sub_category,n_gold,56.0
GC,sub_category,n_system,0.0
GC,sub_category,n_correct,0.0
GC,sub_category,precision,0.0
GC,sub_category,recall,0.0
GC,sub_category,f,0.0
PA,sub_category,n_gold,89.0
PA,sub_category,n_system,7.0
PA,sub_category,n_correct,5.0
PA,sub_category,precision,71.4
PA,sub_category,recall,5.6
PA,sub_category,f,10.4
PB,sub_category,n_gold,3.0
PB,sub_category,n_system,0.0
PB,sub_category,n_correct,0.0
PB,sub_category,precision,0.0
PB,sub_category,recall,0.0
PB,sub_category,f,0.0
SA,sub_category,n_gold,10.0
SA,sub_category,n_system,0.0
SA,sub_category,n_correct,0.0
SA,sub_category,precision,0.0
SA,sub_category,recall,0.0
SA,sub_category,f,0.0
Total,sub_category,n_gold,268.0
Total,sub_category,n_system,71.0
Total,sub_category,n_correct,28.0
Total,sub_category,precision,39.4
Total,sub_category,recall,10.4
Total,sub_category,f,16.5
C,super_category,n_gold,62.0
C,super_category,n_system,59.0
C,super_category,n_correct,25.0
C,super_category,precision,42.3
C,super_category,recall,40.3
C,super_category,f,41.3
G,super_category,n_gold,76.0
G,super_category,n_system,0.0
G,super_category,n_correct,0.0
G,super_category,precision,0.0
G,super_category,recall,0.0
G,super_category,f,0.0
P,super_category,n_gold,91.0
P,super_category,n_system,7.0
P,super_category,n_correct,5.0
P,super_category,precision,71.4
P,super_category,recall,5.4
P,super_category,f,10.2
S,super_category,n_gold,10.0
S,super_category,n_system,0.0
S,super_category,n_correct,0.0
S,super_category,precision,0.0
S,super_category,recall,0.0
S,super_category,f,0.0
Total,super_category,n_gold,239.0
Total,super_category,n_system,66.0
Total,super_category,n_correct,30.0
Total,super_category,precision,45.4
Total,super_category,recall,12.5
Total,super_category,f,19.6
