label,level,metric,value
CA,sub_category,n_gold,49.0
CA,sub_category,n_system,36.0
CA,sub_category,n_correct,30.0
CA,sub_category,precision,83.3
CA,sub_category,recall,61.2
CA,sub_category,f,70.5
CB,sub_category,n_gold,28.0
CB,sub_category,n_system,32.0
CB,sub_category,n_correct,26.0
CB,sub_category,precision,81.2
CB,sub_category,recall,92.8
CB,sub_category,f,86.6
GA,sub_category,n_gold,33.0
GA,sub_category,n_system,54.0
GA,sub_category,n_correct,23.0
GA,sub_category,precision,42.5
GA,sub_category,recall,69.6
GA,sub_category,f,52.8
GC,sub_category,n_gold,56.0
GC,sub_category,n_system,4.0
GC,sub_category,n_correct,4.0
GC,sub_category,precision,100.0
GC,sub_category,recall,7.1
GC,sub_category,f,13.3
PA,sub_category,n_gold,89.0
PA,sub_category,n_system,63.0
PA,sub_category,n_correct,60.0
PA,sub_category,precision,95.2
PA,sub_category,recall,67.4
PA,sub_category,f,78.9
PB,sub_category,n_gold,3.0
PB,sub_category,n_system,2.0
PB,sub_category,n_correct,1.0
PB,sub_category,precision,50.0
PB,sub_category,recall,33.3
PB,sub_category,f,40.0
SA,sub_category,n_gold,10.0
SA,sub_category,n_system,16.0
SA,sub_category,n_correct,6.0
SA,sub_category,precision,37.5
SA,sub_category,recall,60.0
SA,sub_category,f,46.1
Total,sub_category,n_gold,268.0
Total,sub_category,n_system,207.0
Total,sub_category,n_correct,150.0
Total,sub_category,precision,72.4
Total,sub_category,recall,55.9
Total,sub_category,f,63.1
C,super_category,n_gold,62.0
C,super_category,n_system,57.0
C,super_category,n_correct,47.0
C,super_category,precision,82.4
C,super_category,recall,75.8
C,super_category,f,78.9
G,super_category,n_gold,76.0
G,super_category,n_system,54.0
G,super_category,n_correct,47.0
G,super_category,precision,87.0
G,super_category,recall,61.8
G,super_category,f,72.3
P,super_category,n_gold,91.0
P,super_category,n_system,64.0
P,super_category,n_correct,61.0
P,super_category,precision,95.3
P,super_category,recall,67.0
P,super_category,f,78.7
S,super_category,n_gold,10.0
S,super_category,n_system,16.0
S,super_category,n_correct,6.0
S,super_category,precision,37.5
S,super_category,recall,60.0
S,super_category,f,46.1
Total,super_category,n_gold,239.0
Total,super_category,n_system,191.0
Total,super_category,n_correct,161.0
Total,super_category,precision,84.2
Total,super_category,recall,67.3
Total,super_category,f,74.8
