label,level,metric,value
CA,sub_category,n_gold,49.0
CA,sub_category,n_system,47.0
CA,sub_category,n_correct,37.0
CA,sub_category,precision,78.7
CA,sub_category,recall,75.5
CA,sub_category,f,77.0
CB,sub_category,n_gold,28.0
CB,sub_category,n_system,27.0
CB,sub_category,n_correct,25.0
CB,sub_category,precision,92.5
CB,sub_category,recall,89.2
CB,sub_category,f,90.9
GA,sub_category,n_gold,33.0
GA,sub_category,n_system,17.0
GA,sub_category,n_correct,14.0
GA,sub_category,precision,82.3
GA,sub_category,recall,42.4
GA,sub_category,f,55.9
GC,sub_category,n_gold,56.0
GC,sub_category,n_system,30.0
GC,sub_category,n_correct,21.0
GC,sub_category,precision,70.0
GC,sub_category,recall,37.5
GC,sub_category,f,48.8
PA,sub_category,n_gold,89.0
PA,sub_category,n_system,65.0
PA,sub_category,n_correct,60.0
PA,sub_category,precision,92.3
PA,sub_category,recall,67.4
PA,sub_category,f,77.9
PB,sub_category,n_gold,3.0
PB,sub_category,n_system,1.0
PB,sub_category,n_correct,1.0
PB,sub_category,precision,100.0
PB,sub_category,recall,33.3
PB,sub_category,f,50.0
SA,sub_category,n_gold,10.0
SA,sub_category,n_system,8.0
SA,sub_category,n_correct,4.0
SA,sub_category,precision,50.0
SA,sub_category,recall,40.0
SA,sub_category,f,44.4
Total,sub_category,n_gold,268.0
Total,sub_category,n_system,195.0
Total,sub_category,n_correct,162.0
Total,sub_category,precision,83.0
Total,sub_category,recall,60.4
Total,sub_category,f,69.9
C,super_category,n_gold,62.0
C,super_category,n_system,57.0
C,super_category,n_correct,49.0
C,super_category,precision,85.9
C,super_category,recall,79.0
C,super_category,f,82.3
G,super_category,n_gold,76.0
G,super_category,n_system,47.0
G,super_category,n_correct,42.0
G,super_category,precision,89.3
G,super_category,recall,55.2
G,super_category,f,68.2
P,super_category,n_gold,91.0
P,super_category,n_system,66.0
P,super_category,n_correct,61.0
P,super_category,precision,92.4
P,super_category,recall,67.0
P,super_category,f,77.7
S,super_category,n_gold,10.0
S,super_category,n_system,8.0
S,super_category,n_correct,4.0
S,super_category,precision,50.0
S,super_category,recall,40.0
S,super_category,f,44.4
Total,super_category,n_gold,239.0
Total,super_category,n_system,178.0
Total,super_category,n_correct,156.0
Total,super_category,precision,87.6
Total,super_category,recall,65.2
Total,super_category,f,74.8
