label,level,metric,value
CA,sub_category,n_gold,49.0
CA,sub_category,n_system,48.0
CA,sub_category,n_correct,37.0
CA,sub_category,precision,77.0
CA,sub_category,recall,75.5
CA,sub_category,f,76.2
CB,sub_category,n_gold,28.0
CB,sub_category,n_system,26.0
CB,sub_category,n_correct,25.0
CB,sub_category,precision,96.1
CB,sub_category,recall,89.2
CB,sub_category,f,92.5
GA,sub_category,n_gold,33.0
GA,sub_category,n_system,11.0
GA,sub_category,n_correct,10.0
GA,sub_category,precision,90.9
GA,sub_category,recall,30.3
GA,sub_category,f,45.4
GC,sub_category,n_gold,56.0
GC,sub_category,n_system,38.0
GC,sub_category,n_correct,28.0
GC,sub_category,precision,73.6
GC,sub_category,recall,50.0
GC,sub_category,f,59.5
PA,sub_category,n_gold,89.0
PA,sub_category,n_system,63.0
PA,sub_category,n_correct,58.0
PA,sub_category,precision,92.0
PA,sub_category,recall,65.1
PA,sub_category,f,76.3
PB,sub_category,n_gold,3.0
PB,sub_category,n_system,1.0
PB,sub_category,n_correct,1.0
PB,sub_category,precision,100.0
PB,sub_category,recall,33.3
PB,sub_category,f,50.0
SA,sub_category,n_gold,10.0
SA,sub_category,n_system,8.0
SA,sub_category,n_correct,4.0
SA,sub_category,precision,50.0
SA,sub_category,recall,40.0
SA,sub_category,f,44.4
Total,sub_category,n_gold,268.0
Total,sub_category,n_system,195.0
Total,sub_category,n_correct,163.0
Total,sub_category,precision,83.5
Total,sub_category,recall,60.8
Total,sub_category,f,70.4
C,super_category,n_gold,62.0
C,super_category,n_system,58.0
C,super_category,n_correct,49.0
C,super_category,precision,84.4
C,super_category,recall,79.0
C,super_category,f,81.6
G,super_category,n_gold,76.0
G,super_category,n_system,48.0
G,super_category,n_correct,42.0
G,super_category,precision,87.5
G,super_category,recall,55.2
G,super_category,f,67.7
P,super_category,n_gold,91.0
P,super_category,n_system,64.0
P,super_category,n_correct,59.0
P,super_category,precision,92.1
P,super_category,recall,64.8
P,super_category,f,76.1
S,super_category,n_gold,10.0
S,super_category,n_system,8.0
S,super_category,n_correct,4.0
S,super_category,precision,50.0
S,super_category,recall,40.0
S,super_category,f,44.4
Total,super_category,n_gold,239.0
Total,super_category,n_system,178.0
Total,super_category,n_correct,154.0
Total,super_category,precision,86.5
Total,super_category,recall,64.4
Total,super_category,f,73.8
