label,level,metric,value
CA,sub_category,n_gold,49.0
CA,sub_category,n_system,58.0
CA,sub_category,n_correct,38.0
CA,sub_category,precision,65.5
CA,sub_category,recall,77.5
CA,sub_category,f,71.0
CB,sub_category,n_gold,28.0
CB,sub_category,n_system,33.0
CB,sub_category,n_correct,23.0
CB,sub_category,precision,69.6
CB,sub_category,recall,82.1
CB,sub_category,f,75.4
GA,sub_category,n_gold,33.0
GA,sub_category,n_system,38.0
GA,sub_category,n_correct,22.0
GA,sub_category,precision,57.8
GA,sub_category,recall,66.6
GA,sub_category,f,61.9
GC,sub_category,n_gold,56.0
GC,sub_category,n_system,23.0
GC,sub_category,n_correct,18.0
GC,sub_category,precision,78.2
GC,sub_category,recall,32.1
GC,sub_category,f,45.5
PA,sub_category,n_gold,89.0
PA,sub_category,n_system,81.0
PA,sub_category,n_correct,72.0
PA,sub_category,precision,88.8
PA,sub_category,recall,80.8
PA,sub_category,f,84.7
PB,sub_category,n_gold,3.0
PB,sub_category,n_system,1.0
PB,sub_category,n_correct,1.0
PB,sub_category,precision,100.0
PB,sub_category,recall,33.3
PB,sub_category,f,50.0
SA,sub_category,n_gold,10.0
SA,sub_category,n_system,7.0
SA,sub_category,n_correct,3.0
SA,sub_category,precision,42.8
SA,sub_category,recall,30.0
SA,sub_category,f,35.2
Total,sub_category,n_gold,268.0
Total,sub_category,n_system,241.0
Total,sub_category,n_correct,177.0
Total,sub_category,precision,73.4
Total,sub_category,recall,66.0
Total,sub_category,f,69.5
C,super_category,n_gold,62.0
C,super_category,n_system,67.0
C,super_category,n_correct,50.0
C,super_category,precision,74.6
C,super_category,recall,80.6
C,super_category,f,77.5
G,super_category,n_gold,76.0
G,super_category,n_system,51.0
G,super_category,n_correct,44.0
G,super_category,precision,86.2
G,super_category,recall,57.8
G,super_category,f,69.2
P,super_category,n_gold,91.0
P,super_category,n_system,82.0
P,super_category,n_correct,73.0
P,super_category,precision,89.0
P,super_category,recall,80.2
P,super_category,f,84.3
S,super_category,n_gold,10.0
S,super_category,n_system,7.0
S,super_category,n_correct,3.0
S,super_category,precision,42.8
S,super_category,recall,30.0
S,super_category,f,35.2
Total,super_category,n_gold,239.0
Total,super_category,n_system,207.0
Total,super_category,n_correct,170.0
Total,super_category,precision,82.1
Total,super_category,recall,71.1
Total,super_category,f,76.2
