label,level,metric,value
CA,sub_category,n_gold,49.0
CA,sub_category,n_system,54.0
CA,sub_category,n_correct,36.0
CA,sub_category,precision,66.6
CA,sub_category,recall,73.4
CA,sub_category,f,69.9
CB,sub_category,n_gold,28.0
CB,sub_category,n_system,20.0
CB,sub_category,n_correct,19.0
CB,sub_category,precision,95.0
CB,sub_category,recall,67.8
CB,sub_category,f,79.1
GA,sub_category,n_gold,33.0
GA,sub_category,n_system,29.0
GA,sub_category,n_correct,17.0
GA,sub_category,precision,58.6
GA,sub_category,recall,51.5
GA,sub_category,f,54.8
GC,sub_category,n_gold,56.0
GC,sub_category,n_system,1.0
GC,sub_category,n_correct,1.0
GC,sub_category,precision,100.0
GC,sub_category,recall,1.7
GC,sub_category,f,3.5
PA,sub_category,n_gold,89.0
PA,sub_category,n_system,64.0
PA,sub_category,n_correct,57.0
PA,sub_category,precision,89.0
PA,sub_category,recall,64.0
PA,sub_category,f,74.5
PB,sub_category,n_gold,3.0
PB,sub_category,n_system,0.0
PB,sub_category,n_correct,0.0
PB,sub_category,precision,0.0
PB,sub_category,recall,0.0
PB,sub_category,f,0.0
SA,sub_category,n_gold,10.0
SA,sub_category,n_system,0.0
SA,sub_category,n_correct,0.0
SA,sub_category,precision,0.0
SA,sub_category,recall,0.0
SA,sub_category,f,0.0
Total,sub_category,n_gold,268.0
Total,sub_category,n_system,168.0
Total,sub_category,n_correct,130.0
Total,sub_category,precision,77.3
Total,sub_category,recall,48.5
Total,sub_category,f,59.6
C,super_category,n_gold,62.0
C,super_category,n_system,60.0
C,super_category,n_correct,44.0
C,super_category,precision,73.3
C,super_category,recall,70.9
C,super_category,f,72.1
G,super_category,n_gold,76.0
G,super_category,n_system,29.0
G,super_category,n_correct,29.0
G,super_category,precision,100.0
G,super_category,recall,38.1
G,super_category,f,55.2
P,super_category,n_gold,91.0
P,super_category,n_system,64.0
P,super_category,n_correct,58.0
P,super_category,precision,90.6
P,super_category,recall,63.7
P,super_category,f,74.8
S,super_category,n_gold,10.0
S,super_category,n_system,0.0
S,super_category,n_correct,0.0
S,super_category,precision,0.0
S,super_category,recall,0.0
S,super_category,f,0.0
Total,super_category,n_gold,239.0
Total,super_category,n_system,153.0
Total,super_category,n_correct,131.0
Total,super_category,precision,85.6
Total,super_category,recall,54.8
Total,super_category,f,66.8
