label,level,metric,value
CA,sub_category,n_gold,49.0
CA,sub_category,n_system,56.0
CA,sub_category,n_correct,22.0
CA,sub_category,precision,39.2
CA,sub_category,recall,44.8
CA,sub_category,f,41.9
CB,sub_category,n_gold,28.0
CB,sub_category,n_system,7.0
CB,sub_category,n_correct,4.0
CB,sub_category,precision,57.1
CB,sub_category,recall,14.2
CB,sub_category,f,22.8
GA,sub_category,n_gold,33.0
GA,sub_category,n_system,0.0
GA,sub_category,n_correct,0.0
GA,sub_category,precision,0.0
GA,sub_category,recall,0.0
GA,sub_category,f,0.0
GC,sub_category,n_gold,56.0
GC,sub_category,n_system,2.0
GC,sub_category,n_correct,0.0
GC,sub_category,precision,0.0
GC,sub_category,recall,0.0
GC,sub_category,f,0.0
PA,sub_category,n_gold,89.0
PA,sub_category,n_system,11.0
PA,sub_category,n_correct,8.0
PA,sub_category,precision,72.7
PA,sub_category,recall,8.9
PA,sub_category,f,16.0
PB,sub_category,n_gold,3.0
PB,sub_category,n_system,0.0
PB,sub_category,n_correct,0.0
PB,sub_category,precision,0.0
PB,sub_category,recall,0.0
PB,sub_category,f,0.0
SA,sub_category,n_gold,10.0
SA,sub_category,n_system,0.0
SA,sub_category,n_correct,0.0
SA,sub_category,precision,0.0
SA,sub_category,recall,0.0
SA,sub_category,f,0.0
Total,sub_category,n_gold,268.0
Total,sub_category,n_system,76.0
Total,sub_category,n_correct,34.0
Total,sub_category,precision,44.7
Total,sub_category,recall,12.6
Total,sub_category,f,19.7
C,super_category,n_gold,62.0
C,super_category,n_system,56.0
C,super_category,n_correct,27.0
C,super_category,precision,48.2
C,super_category,recall,43.5
C,super_category,f,45.7
G,super_category,n_gold,76.0
G,super_category,n_system,2.0
G,super_category,n_correct,2.0
G,super_category,precision,100.0
G,super_category,recall,2.6
G,super_category,f,5.1
P,super_category,n_gold,91.0
P,super_category,n_system,11.0
P,super_category,n_correct,8.0
P,super_category,precision,72.7
P,super_category,recall,8.7
P,super_category,f,15.6
S,super_category,n_gold,10.0
S,super_category,n_system,0.0
S,super_category,n_correct,0.0
S,super_category,precision,0.0
S,super_category,recall,0.0
S,super_category,f,0.0
Total,super_category,n_gold,239.0
Total,super_category,n_system,69.0
Total,super_category,n_correct,37.0
Total,super_category,precision,53.6
Total,super_category,recall,15.4
Total,super_category,f,24.0
