label,level,metric,value
CA,sub_category,n_gold,49.0
CA,sub_category,n_system,58.0
CA,sub_category,n_correct,39.0
CA,sub_category,precision,67.2
CA,sub_category,recall,79.5
CA,sub_category,f,72.8
CB,sub_category,n_gold,28.0
CB,sub_category,n_system,29.0
CB,sub_category,n_correct,21.0
CB,sub_category,precision,72.4
CB,sub_category,recall,75.0
CB,sub_category,f,73.6
GA,sub_category,n_gold,33.0
GA,sub_category,n_system,32.0
GA,sub_category,n_correct,18.0
GA,sub_category,precision,56.2
GA,sub_category,recall,54.5
GA,sub_category,f,55.3
GC,sub_category,n_gold,56.0
GC,sub_category,n_system,14.0
GC,sub_category,n_correct,13.0
GC,sub_category,precision,92.8
GC,sub_category,recall,23.2
GC,sub_category,f,37.1
PA,sub_category,n_gold,89.0
PA,sub_category,n_system,77.0
PA,sub_category,n_correct,70.0
PA,sub_category,precision,90.9
PA,sub_category,recall,78.6
PA,sub_category,f,84.3
PB,sub_category,n_gold,3.0
PB,sub_category,n_system,0.0
PB,sub_category,n_correct,0.0
PB,sub_category,precision,0.0
PB,sub_category,recall,0.0
PB,sub_category,f,0.0
SA,sub_category,n_gold,10.0
SA,sub_category,n_system,6.0
SA,sub_category,n_correct,3.0
SA,sub_category,precision,50.0
SA,sub_category,recall,30.0
SA,sub_category,f,37.4
Total,sub_category,n_gold,268.0
Total,sub_category,n_system,216.0
Total,sub_category,n_correct,164.0
Total,sub_category,precision,75.9
Total,sub_category,recall,61.1
Total,sub_category,f,67.7
C,super_category,n_gold,62.0
C,super_category,n_system,64.0
C,super_category,n_correct,49.0
C,super_category,precision,76.5
C,super_category,recall,79.0
C,super_category,f,77.7
G,super_category,n_gold,76.0
G,super_category,n_system,40.0
G,super_category,n_correct,35.0
G,super_category,precision,87.5
G,super_category,recall,46.0
G,super_category,f,60.3
P,super_category,n_gold,91.0
P,super_category,n_system,77.0
P,super_category,n_correct,70.0
P,super_category,precision,90.9
P,super_category,recall,76.9
P,super_category,f,83.3
S,super_category,n_gold,10.0
S,super_category,n_system,6.0
S,super_category,n_correct,3.0
S,super_category,precision,50.0
S,super_category,recall,30.0
S,super_category,f,37.4
Total,super_category,n_gold,239.0
Total,super_category,n_system,187.0
Total,super_category,n_correct,157.0
Total,super_category,precision,83.9
Total,super_category,recall,65.6
Total,super_category,f,73.7
