label,level,metric,value
CA,sub_category,n_gold,49.0
CA,sub_category,n_system,30.0
CA,sub_category,n_correct,25.0
CA,sub_category,precision,83.3
CA,sub_category,recall,51.0
CA,sub_category,f,63.2
CB,sub_category,n_gold,28.0
CB,sub_category,n_system,30.0
CB,sub_category,n_correct,25.0
CB,sub_category,precision,83.3
CB,sub_category,recall,89.2
CB,sub_category,f,86.2
GA,sub_category,n_gold,33.0
GA,sub_category,n_system,60.0
GA,sub_category,n_correct,24.0
GA,sub_category,precision,40.0
GA,sub_category,recall,72.7
GA,sub_category,f,51.6
GC,sub_category,n_gold,56.0
GC,sub_category,n_system,3.0
GC,sub_category,n_correct,3.0
GC,sub_category,precision,100.0
GC,sub_category,recall,5.3
GC,sub_category,f,10.1
PA,sub_category,n_gold,89.0
PA,sub_category,n_system,65.0
PA,sub_category,n_correct,60.0
PA,sub_category,precision,92.3
PA,sub_category,recall,67.4
PA,sub_category,f,77.9
PB,sub_category,n_gold,3.0
PB,sub_category,n_system,5.0
PB,sub_category,n_correct,2.0
PB,sub_category,precision,40.0
PB,sub_category,recall,66.6
PB,sub_category,f,50.0
SA,sub_category,n_gold,10.0
SA,sub_category,n_system,16.0
SA,sub_category,n_correct,7.0
SA,sub_category,precision,43.7
SA,sub_category,recall,70.0
SA,sub_category,f,53.8
Total,sub_category,n_gold,268.0
Total,sub_category,n_system,209.0
Total,sub_category,n_correct,146.0
Total,sub_category,precision,69.8
Total,sub_category,recall,54.4
Total,sub_category,f,61.2
C,super_category,n_gold,62.0
C,super_category,n_system,52.0
C,super_category,n_correct,44.0
C,super_category,precision,84.6
C,super_category,recall,70.9
C,super_category,f,77.1
G,super_category,n_gold,76.0
G,super_category,n_system,60.0
G,super_category,n_correct,54.0
G,super_category,precision,90.0
G,super_category,recall,71.0
G,super_category,f,79.4
P,super_category,n_gold,91.0
P,super_category,n_system,67.0
P,super_category,n_correct,62.0
P,super_category,precision,92.5
P,super_category,recall,68.1
P,super_category,f,78.4
S,super_category,n_gold,10.0
S,super_category,n_system,16.0
S,super_category,n_correct,7.0
S,super_category,precision,43.7
S,super_category,recall,70.0
S,super_category,f,53.8
Total,super_category,n_gold,239.0
Total,super_category,n_system,195.0
Total,super_category,n_correct,167.0
Total,super_category,precision,85.6
Total,super_category,recall,69.8
Total,super_category,f,76.9
