label,level,metric,value
CA,sub_category,n_gold,49.0
CA,sub_category,n_system,50.0
CA,sub_category,n_correct,39.0
CA,sub_category,precision,78.0
CA,sub_category,recall,79.5
CA,sub_category,f,78.7
CB,sub_category,n_gold,28.0
CB,sub_category,n_system,24.0
CB,sub_category,n_correct,23.0
CB,sub_category,precision,95.8
CB,sub_category,recall,82.1
CB,sub_category,f,88.4
GA,sub_category,n_gold,33.0
GA,sub_category,n_system,24.0
GA,sub_category,n_correct,23.0
GA,sub_category,precision,95.8
GA,sub_category,recall,69.6
GA,sub_category,f,80.7
GC,sub_category,n_gold,56.0
GC,sub_category,n_system,50.0
GC,sub_category,n_correct,44.0
GC,sub_category,precision,88.0
GC,sub_category,recall,78.5
GC,sub_category,f,83.0
PA,sub_category,n_gold,89.0
PA,sub_category,n_system,82.0
PA,sub_category,n_correct,77.0
PA,sub_category,precision,93.9
PA,sub_category,recall,86.5
PA,sub_category,f,90.0
PB,sub_category,n_gold,3.0
PB,sub_category,n_system,2.0
PB,sub_category,n_correct,2.0
PB,sub_category,precision,100.0
PB,sub_category,recall,66.6
PB,sub_category,f,80.0
SA,sub_category,n_gold,10.0
SA,sub_category,n_system,4.0
SA,sub_category,n_correct,4.0
SA,sub_category,precision,100.0
SA,sub_category,recall,40.0
SA,sub_category,f,57.1
Total,sub_category,n_gold,268.0
Total,sub_category,n_system,236.0
Total,sub_category,n_correct,212.0
Total,sub_category,precision,89.8
Total,sub_category,recall,79.1
Total,sub_category,f,84.1
C,super_category,n_gold,62.0
C,super_category,n_system,56.0
C,super_category,n_correct,48.0
C,super_category,precision,85.7
C,super_category,recall,77.4
C,super_category,f,81.3
G,super_category,n_gold,76.0
G,super_category,n_system,62.0
G,super_category,n_correct,60.0
G,super_category,precision,96.7
G,super_category,recall,78.9
G,super_category,f,86.9
P,super_category,n_gold,91.0
P,super_category,n_system,83.0
P,super_category,n_correct,79.0
P,super_category,precision,95.1
P,super_category,recall,86.8
P,super_category,f,90.8
S,super_category,n_gold,10.0
S,super_category,n_system,4.0
S,super_category,n_correct,4.0
S,super_category,precision,100.0
S,super_category,recall,40.0
S,super_category,f,57.1
Total,super_category,n_gold,239.0
Total,super_category,n_system,205.0
Total,super_category,n_correct,191.0
Total,super_category,precision,93.1
Total,super_category,recall,79.9
Total,super_category,f,86.0
