label,level,metric,value
CA,sub_category,n_gold,49.0
CA,sub_category,n_system,44.0
CA,sub_category,n_correct,31.0
CA,sub_category,precision,70.4
CA,sub_category,recall,63.2
CA,sub_category,f,66.6
CB,sub_category,n_gold,28.0
CB,sub_category,n_system,26.0
CB,sub_category,n_correct,24.0
CB,sub_category,precision,92.3
CB,sub_category,recall,85.7
CB,sub_category,f,88.8
GA,sub_category,n_gold,33.0
GA,sub_category,n_system,22.0
GA,sub_category,n_correct,16.0
GA,sub_category,precision,72.7
GA,sub_category,recall,48.4
GA,sub_category,f,58.1
GC,sub_category,n_gold,56.0
GC,sub_category,n_system,42.0
GC,sub_category,n_correct,31.0
GC,sub_category,precision,73.8
GC,sub_category,recall,55.3
GC,sub_category,f,63.2
PA,sub_category,n_gold,89.0
PA,sub_category,n_system,77.0
PA,sub_category,n_correct,70.0
PA,sub_category,precision,90.9
PA,sub_category,recall,78.6
PA,sub_category,f,84.3
PB,sub_category,n_gold,3.0
PB,sub_category,n_system,1.0
PB,sub_category,n_correct,1.0
PB,sub_category,precision,100.0
PB,sub_category,recall,33.3
PB,sub_category,f,50.0
SA,sub_category,n_gold,10.0
SA,sub_category,n_system,7.0
SA,sub_category,n_correct,4.0
SA,sub_category,precision,57.1
SA,sub_category,recall,40.0
SA,sub_category,f,47.0
Total,sub_category,n_gold,268.0
Total,sub_category,n_system,219.0
Total,sub_category,n_correct,177.0
Total,sub_category,precision,80.8
Total,sub_category,recall,66.0
Total,sub_category,f,72.6
C,super_category,n_gold,62.0
C,super_category,n_system,54.0
C,super_category,n_correct,44.0
C,super_category,precision,81.4
C,super_category,recall,70.9
C,super_category,f,75.8
G,super_category,n_gold,76.0
G,super_category,n_system,53.0
G,super_category,n_correct,48.0
G,super_category,precision,90.5
G,super_category,recall,63.1
G,super_category,f,74.4
P,super_category,n_gold,91.0
P,super_category,n_system,77.0
P,super_category,n_correct,71.0
P,super_category,precision,92.2
P,super_category,recall,78.0
P,super_category,f,84.5
S,super_category,n_gold,10.0
S,super_category,n_system,7.0
S,super_category,n_correct,4.0
S,super_category,precision,57.1
S,super_category,recall,40.0
S,super_category,f,47.0
Total,super_category,n_gold,239.0
Total,super_category,n_system,191.0
Total,super_category,n_correct,167.0
Total,super_category,precision,87.4
Total,super_category,recall,69.8
Total,super_category,f,77.6
