label,level,metric,value
CA,sub_category,n_gold,49.0
CA,sub_category,n_system,60.0
CA,sub_category,n_correct,45.0
CA,sub_category,precision,75.0
CA,sub_category,recall,91.8
CA,sub_category,f,82.5
CB,sub_category,n_gold,28.0
CB,sub_category,n_system,28.0
CB,sub_category,n_correct,25.0
CB,sub_category,precision,89.2
CB,sub_category,recall,89.2
CB,sub_category,f,89.2
GA,sub_category,n_gold,33.0
GA,sub_category,n_system,31.0
GA,sub_category,n_correct,27.0
GA,sub_category,precision,87.0
GA,sub_category,recall,81.8
GA,sub_category,f,84.3
GC,sub_category,n_gold,56.0
GC,sub_category,n_system,51.0
GC,sub_category,n_correct,47.0
GC,sub_category,precision,92.1
GC,sub_category,recall,83.9
GC,sub_category,f,87.8
PA,sub_category,n_gold,89.0
PA,sub_category,n_system,82.0
PA,sub_category,n_correct,80.0
PA,sub_category,precision,97.5
PA,sub_category,recall,89.8
PA,sub_category,f,93.5
PB,sub_category,n_gold,3.0
PB,sub_category,n_system,3.0
PB,sub_category,n_correct,3.0
PB,sub_category,precision,100.0
PB,sub_category,recall,100.0
PB,sub_category,f,100.0
SA,sub_category,n_gold,10.0
SA,sub_category,n_system,8.0
SA,sub_category,n_correct,6.0
SA,sub_category,precision,75.0
SA,sub_category,recall,60.0
SA,sub_category,f,66.6
Total,sub_category,n_gold,268.0
Total,sub_category,n_system,263.0
Total,sub_category,n_correct,233.0
Total,sub_category,precision,88.5
Total,sub_category,recall,86.9
Total,sub_category,f,87.7
C,super_category,n_gold,62.0
C,super_category,n_system,68.0
C,super_category,n_correct,57.0
C,super_category,precision,83.8
C,super_category,recall,91.9
C,super_category,f,87.6
G,super_category,n_gold,76.0
G,super_category,n_system,68.0
G,super_category,n_correct,66.0
G,super_category,precision,97.0
G,super_category,recall,86.8
G,super_category,f,91.6
P,super_category,n_gold,91.0
P,super_category,n_system,84.0
P,super_category,n_correct,82.0
P,super_category,precision,97.6
P,super_category,recall,90.1
P,super_category,f,93.7
S,super_category,n_gold,10.0
S,super_category,n_system,8.0
S,super_category,n_correct,6.0
S,super_category,precision,75.0
S,super_category,recall,60.0
S,super_category,f,66.6
Total,super_category,n_gold,239.0
Total,super_category,n_system,228.0
Total,super_category,n_correct,211.0
Total,super_category,precision,92.5
Total,super_category,recall,88.2
Total,super_category,f,90.3
