label,level,metric,value
CA,sub_category,n_gold,49.0
CA,sub_category,n_system,55.0
CA,sub_category,n_correct,44.0
CA,sub_category,precision,80.0
CA,sub_category,recall,89.7
CA,sub_category,f,84.6
CB,sub_category,n_gold,28.0
CB,sub_category,n_system,28.0
CB,sub_category,n_correct,26.0
CB,sub_category,precision,92.8
CB,sub_category,recall,92.8
CB,sub_category,f,92.8
GA,sub_category,n_gold,33.0
GA,sub_category,n_system,34.0
GA,sub_category,n_correct,30.0
GA,sub_category,precision,88.2
GA,sub_category,recall,90.9
GA,sub_category,f,89.5
GC,sub_category,n_gold,56.0
GC,sub_category,n_system,49.0
GC,sub_category,n_correct,44.0
GC,sub_category,precision,89.7
GC,sub_category,recall,78.5
GC,sub_category,f,83.8
PA,sub_category,n_gold,89.0
PA,sub_category,n_system,82.0
PA,sub_category,n_correct,81.0
PA,sub_category,precision,98.7
PA,sub_category,recall,91.0
PA,sub_category,f,94.7
PB,sub_category,n_gold,3.0
PB,sub_category,n_system,3.0
PB,sub_category,n_correct,3.0
PB,sub_category,precision,100.0
PB,sub_category,recall,100.0
PB,sub_category,f,100.0
SA,sub_category,n_gold,10.0
SA,sub_category,n_system,9.0
SA,sub_category,n_correct,7.0
SA,sub_category,precision,77.7
SA,sub_category,recall,70.0
SA,sub_category,f,73.6
Total,sub_category,n_gold,268.0
Total,sub_category,n_system,260.0
Total,sub_category,n_correct,235.0
Total,sub_category,precision,90.3
Total,sub_category,recall,87.6
Total,sub_category,f,89.0
C,super_category,n_gold,62.0
C,super_category,n_system,63.0
C,super_category,n_correct,56.0
C,super_category,precision,88.8
C,super_category,recall,90.3
C,super_category,f,89.5
G,super_category,n_gold,76.0
G,super_category,n_system,71.0
G,super_category,n_correct,68.0
G,super_category,precision,95.7
G,super_category,recall,89.4
G,super_category,f,92.5
P,super_category,n_gold,91.0
P,super_category,n_system,84.0
P,super_category,n_correct,83.0
P,super_category,precision,98.8
P,super_category,recall,91.2
P,super_category,f,94.8
S,super_category,n_gold,10.0
S,super_category,n_system,9.0
S,super_category,n_correct,7.0
S,super_category,precision,77.7
S,super_category,recall,70.0
S,super_category,f,73.6
Total,super_category,n_gold,239.0
Total,super_category,n_system,227.0
Total,super_category,n_correct,214.0
Total,super_category,precision,94.2
Total,super_category,recall,89.5
Total,super_category,f,91.8
