label,level,metric,value
CA,sub_category,n_gold,49.0
CA,sub_category,n_system,0.0
CA,sub_category,n_correct,0.0
CA,sub_category,precision,0.0
CA,sub_category,recall,0.0
CA,sub_category,f,0.0
CB,sub_category,n_gold,28.0
CB,sub_category,n_system,0.0
CB,sub_category,n_correct,0.0
CB,sub_category,precision,0.0
CB,sub_category,recall,0.0
CB,sub_category,f,0.0
GA,sub_category,n_gold,33.0
GA,sub_category,n_system,0.0
GA,sub_category,n_correct,0.0
GA,sub_category,precision,0.0
GA,sub_category,recall,0.0
GA,sub_category,f,0.0
GC,sub_category,n_gold,56.0
GC,sub_category,n_system,23.0
GC,sub_category,n_correct,9.0
GC,sub_category,precision,39.1
GC,sub_category,recall,16.0
GC,sub_category,f,22.7
PA,sub_category,n_gold,89.0
PA,sub_category,n_system,0.0
PA,sub_category,n_correct,0.0
PA,sub_category,precision,0.0
PA,sub_category,recall,0.0
PA,sub_category,f,0.0
PB,sub_category,n_gold,3.0
PB,sub_category,n_system,0.0
PB,sub_category,n_correct,0.0
PB,sub_category,precision,0.0
PB,sub_category,recall,0.0
PB,sub_category,f,0.0
SA,sub_category,n_gold,10.0
SA,sub_category,n_system,0.0
SA,sub_category,n_correct,0.0
SA,sub_category,precision,0.0
SA,sub_category,recall,0.0
SA,sub_category,f,0.0
Total,sub_category,n_gold,268.0
Total,sub_category,n_system,23.0
Total,sub_category,n_correct,9.0
Total,sub_category,precision,39.1
Total,sub_category,recall,3.3
Total,sub_category,f,6.1
C,super_category,n_gold,62.0
C,super_category,n_system,0.0
C,super_category,n_correct,0.0
C,super_category,precision,0.0
C,super_category,recall,0.0
C,super_category,f,0.0
G,super_category,n_gold,76.0
G,super_category,n_system,23.0
G,super_category,n_correct,14.0
G,super_category,precision,60.8
G,super_category,recall,18.4
G,super_category,f,28.2
P,super_category,n_gold,91.0
P,super_category,n_system,0.0
P,super_category,n_correct,0.0
P,super_category,precision,0.0
P,super_category,recall,0.0
P,super_category,f,0.0
S,super_category,n_gold,10.0
S,super_category,n_system,0.0
S,super_category,n_correct,0.0
S,super_category,precision,0.0
S,super_category,recall,0.0
S,super_category,f,0.0
Total,super_category,n_gold,239.0
Total,super_category,n_system,23.0
Total,super_category,n_correct,14.0
Total,super_category,precision,60.8
Total,super_category,recall,5.8
Total,super_category,f,10.6
