label,level,metric,value
CA,sub_category,n_gold,49.0
CA,sub_category,n_system,35.0
CA,sub_category,n_correct,26.0
CA,sub_category,precision,74.2
CA,sub_category,recall,53.0
CA,sub_category,f,61.9
CB,sub_category,n_gold,28.0
CB,sub_category,n_system,27.0
CB,sub_category,n_correct,23.0
CB,sub_category,precision,85.1
CB,sub_category,recall,82.1
CB,sub_category,f,83.6
GA,sub_category,n_gold,33.0
GA,sub_category,n_system,0.0
GA,sub_category,n_correct,0.0
GA,sub_category,precision,0.0
GA,sub_category,recall,0.0
GA,sub_category,f,0.0
GC,sub_category,n_gold,56.0
GC,sub_category,n_system,71.0
GC,sub_category,n_correct,40.0
GC,sub_category,precision,56.3
GC,sub_category,recall,71.4
GC,sub_category,f,62.9
PA,sub_category,n_gold,89.0
PA,sub_category,n_system,86.0
PA,sub_category,n_correct,64.0
PA,sub_category,precision,74.4
PA,sub_category,recall,71.9
PA,sub_category,f,73.1
PB,sub_category,n_gold,3.0
PB,sub_category,n_system,18.0
PB,sub_category,n_correct,1.0
PB,sub_category,precision,5.5
PB,sub_category,recall,33.3
PB,sub_category,f,9.5
SA,sub_category,n_gold,10.0
SA,sub_category,n_system,20.0
SA,sub_category,n_correct,7.0
SA,sub_category,precision,35.0
SA,sub_category,recall,70.0
SA,sub_category,f,46.6
Total,sub_category,n_gold,268.0
Total,sub_category,n_system,257.0
Total,sub_category,n_correct,161.0
Total,sub_category,precision,62.6
Total,sub_category,recall,60.0
Total,sub_category,f,61.3
C,super_category,n_gold,62.0
C,super_category,n_system,56.0
C,super_category,n_correct,44.0
C,super_category,precision,78.5
C,super_category,recall,70.9
C,super_category,f,74.5
G,super_category,n_gold,76.0
G,super_category,n_system,71.0
G,super_category,n_correct,48.0
G,super_category,precision,67.6
G,super_category,recall,63.1
G,super_category,f,65.3
P,super_category,n_gold,91.0
P,super_category,n_system,86.0
P,super_category,n_correct,65.0
P,super_category,precision,75.5
P,super_category,recall,71.4
P,super_category,f,73.4
S,super_category,n_gold,10.0
S,super_category,n_system,20.0
S,super_category,n_correct,7.0
S,super_category,precision,35.0
S,super_category,recall,70.0
S,super_category,f,46.6
Total,super_category,n_gold,239.0
Total,super_category,n_system,233.0
Total,super_category,n_correct,164.0
Total,super_category,precision,70.3
Total,super_category,recall,68.6
Total,super_category,f,69.4
