label,level,metric,value
CA,sub_category,n_gold,49.0
CA,sub_category,n_system,47.0
CA,sub_category,n_correct,24.0
CA,sub_category,precision,51.0
CA,sub_category,recall,48.9
CA,sub_category,f,50.0
CB,sub_category,n_gold,28.0
CB,sub_category,n_system,8.0
CB,sub_category,n_correct,7.0
CB,sub_category,precision,87.5
CB,sub_category,recall,25.0
CB,sub_category,f,38.8
GA,sub_category,n_gold,33.0
GA,sub_category,n_system,0.0
GA,sub_category,n_correct,0.0
GA,sub_category,precision,0.0
GA,sub_category,recall,0.0
GA,sub_category,f,0.0
GC,sub_category,n_gold,56.0
GC,sub_category,n_system,0.0
GC,sub_category,n_correct,0.0
GC,sub_category,precision,0.0
GC,sub_category,recall,0.0
GC,sub_category,f,0.0
PA,sub_category,n_gold,89.0
PA,sub_category,n_system,29.0
PA,sub_category,n_correct,22.0
PA,sub_category,precision,75.8
PA,sub_category,recall,24.7
PA,sub_category,f,37.2
PB,sub_category,n_gold,3.0
PB,sub_category,n_system,0.0
PB,sub_category,n_correct,0.0
PB,sub_category,precision,0.0
PB,sub_category,recall,0.0
PB,sub_category,f,0.0
SA,sub_category,n_gold,10.0
SA,sub_category,n_system,0.0
SA,sub_category,n_correct,0.0
SA,sub_category,precision,0.0
SA,sub_category,recall,0.0
SA,sub_category,f,0.0
Total,sub_category,n_gold,268.0
Total,sub_category,n_system,84.0
Total,sub_category,n_correct,53.0
Total,sub_category,precision,63.0
Total,sub_category,recall,19.7
Total,sub_category,f,30.1
C,super_category,n_gold,62.0
C,super_category,n_system,47.0
C,super_category,n_correct,30.0
C,super_category,precision,63.8
C,super_category,recall,48.3
C,super_category,f,55.0
G,super_category,n_gold,76.0
G,super_category,n_system,0.0
G,super_category,n_correct,0.0
G,super_category,precision,0.0
G,super_category,recall,0.0
G,super_category,f,0.0
P,super_category,n_gold,91.0
P,super_category,n_system,29.0
P,super_category,n_correct,24.0
P,super_category,precision,82.7
P,super_category,recall,26.3
P,super_category,f,39.9
S,super_category,n_gold,10.0
S,super_category,n_system,0.0
S,super_category,n_correct,0.0
S,super_category,precision,0.0
S,super_category,recall,0.0
S,super_category,f,0.0
Total,super_category,n_gold,239.0
Total,super_category,n_system,76.0
Total,super_category,n_correct,54.0
Total,super_category,precision,71.0
Total,super_category,recall,22.5
Total,super_category,f,34.2
