label,level,metric,value
CA,sub_category,n_gold,49.0
CA,sub_category,n_system,59.0
CA,sub_category,n_correct,42.0
CA,sub_category,precision,71.1
CA,sub_category,recall,85.7
CA,sub_category,f,77.7
CB,sub_category,n_gold,28.0
CB,sub_category,n_system,29.0
CB,sub_category,n_correct,26.0
CB,sub_category,precision,89.6
CB,sub_category,recall,92.8
CB,sub_category,f,91.2
GA,sub_category,n_gold,33.0
GA,sub_category,n_system,31.0
GA,sub_category,n_correct,19.0
GA,sub_category,precision,61.2
GA,sub_category,recall,57.5
GA,sub_category,f,59.3
GC,sub_category,n_gold,56.0
GC,sub_category,n_system,48.0
GC,sub_category,n_correct,40.0
GC,sub_category,precision,83.3
GC,sub_category,recall,71.4
GC,sub_category,f,76.9
PA,sub_category,n_gold,89.0
PA,sub_category,n_system,79.0
PA,sub_category,n_correct,73.0
PA,sub_category,precision,92.4
PA,sub_category,recall,82.0
PA,sub_category,f,86.9
PB,sub_category,n_gold,3.0
PB,sub_category,n_system,2.0
PB,sub_category,n_correct,2.0
PB,sub_category,precision,100.0
PB,sub_category,recall,66.6
PB,sub_category,f,80.0
SA,sub_category,n_gold,10.0
SA,sub_category,n_system,9.0
SA,sub_category,n_correct,6.0
SA,sub_category,precision,66.6
SA,sub_category,recall,60.0
SA,sub_category,f,63.1
Total,sub_category,n_gold,268.0
Total,sub_category,n_system,257.0
Total,sub_category,n_correct,208.0
Total,sub_category,precision,80.9
Total,sub_category,recall,77.6
Total,sub_category,f,79.2
C,super_category,n_gold,62.0
C,super_category,n_system,72.0
C,super_category,n_correct,56.0
C,super_category,precision,77.7
C,super_category,recall,90.3
C,super_category,f,83.5
G,super_category,n_gold,76.0
G,super_category,n_system,68.0
G,super_category,n_correct,57.0
G,super_category,precision,83.8
G,super_category,recall,75.0
G,super_category,f,79.1
P,super_category,n_gold,91.0
P,super_category,n_system,80.0
P,super_category,n_correct,75.0
P,super_category,precision,93.7
P,super_category,recall,82.4
P,super_category,f,87.7
S,super_category,n_gold,10.0
S,super_category,n_system,9.0
S,super_category,n_correct,6.0
S,super_category,precision,66.6
S,super_category,recall,60.0
S,super_category,f,63.1
Total,super_category,n_gold,239.0
Total,super_category,n_system,229.0
Total,super_category,n_correct,194.0
Total,super_category,precision,84.7
Total,super_category,recall,81.1
Total,super_category,f,82.9
