label,level,metric,value
CA,sub_category,n_gold,49.0
CA,sub_category,n_system,59.0
CA,sub_category,n_correct,26.0
CA,sub_category,precision,44.0
CA,sub_category,recall,53.0
CA,sub_category,f,48.1
CB,sub_category,n_gold,28.0
CB,sub_category,n_system,13.0
CB,sub_category,n_correct,9.0
CB,sub_category,precision,69.2
CB,sub_category,recall,32.1
CB,sub_category,f,43.9
GA,sub_category,n_gold,33.0
GA,sub_category,n_system,0.0
GA,sub_category,n_correct,0.0
GA,sub_category,precision,0.0
GA,sub_category,recall,0.0
GA,sub_category,f,0.0
GC,sub_category,n_gold,56.0
GC,sub_category,n_system,8.0
GC,sub_category,n_correct,4.0
GC,sub_category,precision,50.0
GC,sub_category,recall,7.1
GC,sub_category,f,12.5
PA,sub_category,n_gold,89.0
PA,sub_category,n_system,12.0
PA,sub_category,n_correct,8.0
PA,sub_category,precision,66.6
PA,sub_category,recall,8.9
PA,sub_category,f,15.8
PB,sub_category,n_gold,3.0
PB,sub_category,n_system,0.0
PB,sub_category,n_correct,0.0
PB,sub_category,precision,0.0
PB,sub_category,recall,0.0
PB,sub_category,f,0.0
SA,sub_category,n_gold,10.0
SA,sub_category,n_system,0.0
SA,sub_category,n_correct,0.0
SA,sub_category,precision,0.0
SA,sub_category,recall,0.0
SA,sub_category,f,0.0
Total,sub_category,n_gold,268.0
Total,sub_category,n_system,92.0
Total,sub_category,n_correct,47.0
Total,sub_category,precision,51.0
Total,sub_category,recall,17.5
Total,sub_category,f,26.1
C,super_category,n_gold,62.0
C,super_category,n_system,61.0
C,super_category,n_correct,34.0
C,super_category,precision,55.7
C,super_category,recall,54.8
C,super_category,f,55.2
G,super_category,n_gold,76.0
G,super_category,n_system,8.0
G,super_category,n_correct,7.0
G,super_category,precision,87.5
G,super_category,recall,9.2
G,super_category,f,16.6
P,super_category,n_gold,91.0
P,super_category,n_system,12.0
P,super_category,n_correct,10.0
P,super_category,precision,83.3
P,super_category,recall,10.9
P,super_category,f,19.4
S,super_category,n_gold,10.0
S,super_category,n_system,0.0
S,super_category,n_correct,0.0
S,super_category,precision,0.0
S,super_category,recall,0.0
S,super_category,f,0.0
Total,super_category,n_gold,239.0
Total,super_category,n_system,81.0
Total,super_category,n_correct,51.0
Total,super_category,precision,62.9
Total,super_category,recall,21.3
Total,super_category,f,31.8
