label,level,metric,value
CA,sub_category,n_gold,49.0
CA,sub_category,n_system,44.0
CA,sub_category,n_correct,28.0
CA,sub_category,precision,63.6
CA,sub_category,recall,57.1
CA,sub_category,f,60.2
CB,sub_category,n_gold,28.0
CB,sub_category,n_system,8.0
CB,sub_category,n_correct,8.0
CB,sub_category,precision,100.0
CB,sub_category,recall,28.5
CB,sub_category,f,44.4
GA,sub_category,n_gold,33.0
GA,sub_category,n_system,25.0
GA,sub_category,n_correct,12.0
GA,sub_category,precision,48.0
GA,sub_category,recall,36.3
GA,sub_category,f,41.3
GC,sub_category,n_gold,56.0
GC,sub_category,n_system,24.0
GC,sub_category,n_correct,20.0
GC,sub_category,precision,83.3
GC,sub_category,recall,35.7
GC,sub_category,f,50.0
PA,sub_category,n_gold,89.0
PA,sub_category,n_system,37.0
PA,sub_category,n_correct,35.0
PA,sub_category,precision,94.5
PA,sub_category,recall,39.3
PA,sub_category,f,55.5
PB,sub_category,n_gold,3.0
PB,sub_category,n_system,0.0
PB,sub_category,n_correct,0.0
PB,sub_category,precision,0.0
PB,sub_category,recall,0.0
PB,sub_category,f,0.0
SA,sub_category,n_gold,10.0
SA,sub_category,n_system,1.0
SA,sub_category,n_correct,1.0
SA,sub_category,precision,100.0
SA,sub_category,recall,10.0
SA,sub_category,f,18.1
Total,sub_category,n_gold,268.0
Total,sub_category,n_system,139.0
Total,sub_category,n_correct,104.0
Total,sub_category,precision,74.8
Total,sub_category,recall,38.8
Total,sub_category,f,51.1
C,super_category,n_gold,62.0
C,super_category,n_system,45.0
C,super_category,n_correct,32.0
C,super_category,precision,71.1
C,super_category,recall,51.6
C,super_category,f,59.8
G,super_category,n_gold,76.0
G,super_category,n_system,38.0
G,super_category,n_correct,37.0
G,super_category,precision,97.3
G,super_category,recall,48.6
G,super_category,f,64.9
P,super_category,n_gold,91.0
P,super_category,n_system,37.0
P,super_category,n_correct,36.0
P,super_category,precision,97.2
P,super_category,recall,39.5
P,super_category,f,56.2
S,super_category,n_gold,10.0
S,super_category,n_system,1.0
S,super_category,n_correct,1.0
S,super_category,precision,100.0
S,super_category,recall,10.0
S,super_category,f,18.1
Total,super_category,n_gold,239.0
Total,super_category,n_system,121.0
Total,super_category,n_correct,106.0
Total,super_category,precision,87.6
Total,super_category,recall,44.3
Total,super_category,f,58.8
