label,level,metric,value
CA,sub_category,n_gold,49.0
CA,sub_category,n_system,32.0
CA,sub_category,n_correct,24.0
CA,sub_category,precision,75.0
CA,sub_category,recall,48.9
CA,sub_category,f,59.2
CB,sub_category,n_gold,28.0
CB,sub_category,n_system,25.0
CB,sub_category,n_correct,20.0
CB,sub_category,precision,80.0
CB,sub_category,recall,71.4
CB,sub_category,f,75.4
GA,sub_category,n_gold,33.0
GA,sub_category,n_system,0.0
GA,sub_category,n_correct,0.0
GA,sub_category,precision,0.0
GA,sub_category,recall,0.0
GA,sub_category,f,0.0
GC,sub_category,n_gold,56.0
GC,sub_category,n_system,79.0
GC,sub_category,n_correct,40.0
GC,sub_category,precision,50.6
GC,sub_category,recall,71.4
GC,sub_category,f,59.2
PA,sub_category,n_gold,89.0
PA,sub_category,n_system,83.0
PA,sub_category,n_correct,63.0
PA,sub_category,precision,75.9
PA,sub_category,recall,70.7
PA,sub_category,f,73.2
PB,sub_category,n_gold,3.0
PB,sub_category,n_system,10.0
PB,sub_category,n_correct,2.0
PB,sub_category,precision,20.0
PB,sub_category,recall,66.6
PB,sub_category,f,30.7
SA,sub_category,n_gold,10.0
SA,sub_category,n_system,22.0
SA,sub_category,n_correct,7.0
SA,sub_category,precision,31.8
SA,sub_category,recall,70.0
SA,sub_category,f,43.7
Total,sub_category,n_gold,268.0
Total,sub_category,n_system,251.0
Total,sub_category,n_correct,156.0
Total,sub_category,precision,62.1
Total,sub_category,recall,58.2
Total,sub_category,f,60.1
C,super_category,n_gold,62.0
C,super_category,n_system,53.0
C,super_category,n_correct,42.0
C,super_category,precision,79.2
C,super_category,recall,67.7
C,super_category,f,73.0
G,super_category,n_gold,76.0
G,super_category,n_system,79.0
G,super_category,n_correct,47.0
G,super_category,precision,59.4
G,super_category,recall,61.8
G,super_category,f,60.6
P,super_category,n_gold,91.0
P,super_category,n_system,83.0
P,super_category,n_correct,65.0
P,super_category,precision,78.3
P,super_category,recall,71.4
P,super_category,f,74.7
S,super_category,n_gold,10.0
S,super_category,n_system,22.0
S,super_category,n_correct,7.0
S,super_category,precision,31.8
S,super_category,recall,70.0
S,super_category,f,43.7
Total,super_category,n_gold,239.0
Total,super_category,n_system,237.0
Total,super_category,n_correct,161.0
Total,super_category,precision,67.9
Total,super_category,recall,67.3
Total,super_category,f,67.6
