label,level,metric,value
CA,sub_category,n_gold,49.0
CA,sub_category,n_system,46.0
CA,sub_category,n_correct,37.0
CA,sub_category,precision,80.4
CA,sub_category,recall,75.5
CA,sub_category,f,77.8
CB,sub_category,n_gold,28.0
CB,sub_category,n_system,27.0
CB,sub_category,n_correct,22.0
CB,sub_category,precision,81.4
CB,sub_category,recall,78.5
CB,sub_category,f,79.9
GA,sub_category,n_gold,33.0
GA,sub_category,n_system,25.0
GA,sub_category,n_correct,18.0
GA,sub_category,precision,72.0
GA,sub_category,recall,54.5
GA,sub_category,f,62.0
GC,sub_category,n_gold,56.0
GC,sub_category,n_system,48.0
GC,sub_category,n_correct,32.0
GC,sub_category,precision,66.6
GC,sub_category,recall,57.1
GC,sub_category,f,61.5
PA,sub_category,n_gold,89.0
PA,sub_category,n_system,87.0
PA,sub_category,n_correct,75.0
PA,sub_category,precision,86.2
PA,sub_category,recall,84.2
PA,sub_category,f,85.2
PB,sub_category,n_gold,3.0
PB,sub_category,n_system,1.0
PB,sub_category,n_correct,1.0
PB,sub_category,precision,100.0
PB,sub_category,recall,33.3
PB,sub_category,f,50.0
SA,sub_category,n_gold,10.0
SA,sub_category,n_system,6.0
SA,sub_category,n_correct,4.0
SA,sub_category,precision,66.6
SA,sub_category,recall,40.0
SA,sub_category,f,50.0
Total,sub_category,n_gold,268.0
Total,sub_category,n_system,240.0
Total,sub_category,n_correct,189.0
Total,sub_category,precision,78.7
Total,sub_category,recall,70.5
Total,sub_category,f,74.4
C,super_category,n_gold,62.0
C,super_category,n_system,56.0
C,super_category,n_correct,49.0
C,super_category,precision,87.5
C,super_category,recall,79.0
C,super_category,f,83.0
G,super_category,n_gold,76.0
G,super_category,n_system,62.0
G,super_category,n_correct,52.0
G,super_category,precision,83.8
G,super_category,recall,68.4
G,super_category,f,75.3
P,super_category,n_gold,91.0
P,super_category,n_system,87.0
P,super_category,n_correct,77.0
P,super_category,precision,88.5
P,super_category,recall,84.6
P,super_category,f,86.5
S,super_category,n_gold,10.0
S,super_category,n_system,6.0
S,super_category,n_correct,4.0
S,super_category,precision,66.6
S,super_category,recall,40.0
S,super_category,f,50.0
Total,super_category,n_gold,239.0
Total,super_category,n_system,211.0
Total,super_category,n_correct,182.0
Total,super_category,precision,86.2
Total,super_category,recall,76.1
Total,super_category,f,80.8
