label,level,metric,value
CA,sub_category,n_gold,49.0
CA,sub_category,n_system,60.0
CA,sub_category,n_correct,41.0
CA,sub_category,precision,68.3
CA,sub_category,recall,83.6
CA,sub_category,f,75.2
CB,sub_category,n_gold,28.0
CB,sub_category,n_system,29.0
CB,sub_category,n_correct,26.0
CB,sub_category,precision,89.6
CB,sub_category,recall,92.8
CB,sub_category,f,91.2
GA,sub_category,n_gold,33.0
GA,sub_category,n_system,31.0
GA,sub_category,n_correct,21.0
GA,sub_category,precision,67.7
GA,sub_category,recall,63.6
GA,sub_category,f,65.6
GC,sub_category,n_gold,56.0
GC,sub_category,n_system,54.0
GC,sub_category,n_correct,44.0
GC,sub_category,precision,81.4
GC,sub_category,recall,78.5
GC,sub_category,f,79.9
PA,sub_category,n_gold,89.0
PA,sub_category,n_system,75.0
PA,sub_category,n_correct,71.0
PA,sub_category,precision,94.6
PA,sub_category,recall,79.7
PA,sub_category,f,86.5
PB,sub_category,n_gold,3.0
PB,sub_category,n_system,1.0
PB,sub_category,n_correct,1.0
PB,sub_category,precision,100.0
PB,sub_category,recall,33.3
PB,sub_category,f,50.0
SA,sub_category,n_gold,10.0
SA,sub_category,n_system,12.0
SA,sub_category,n_correct,7.0
SA,sub_category,precision,58.3
SA,sub_category,recall,70.0
SA,sub_category,f,63.6
Total,sub_category,n_gold,268.0
Total,sub_category,n_system,262.0
Total,sub_category,n_correct,211.0
Total,sub_category,precision,80.5
Total,sub_category,recall,78.7
Total,sub_category,f,79.6
C,super_category,n_gold,62.0
C,super_category,n_system,72.0
C,super_category,n_correct,54.0
C,super_category,precision,75.0
C,super_category,recall,87.0
C,super_category,f,80.5
G,super_category,n_gold,76.0
G,super_category,n_system,74.0
G,super_category,n_correct,64.0
G,super_category,precision,86.4
G,super_category,recall,84.2
G,super_category,f,85.3
P,super_category,n_gold,91.0
P,super_category,n_system,76.0
P,super_category,n_correct,72.0
P,super_category,precision,94.7
P,super_category,recall,79.1
P,super_category,f,86.2
S,super_category,n_gold,10.0
S,super_category,n_system,12.0
S,super_category,n_correct,7.0
S,super_category,precision,58.3
S,super_category,recall,70.0
S,super_category,f,63.6
Total,super_category,n_gold,239.0
Total,super_category,n_system,234.0
Total,super_category,n_correct,197.0
Total,super_category,precision,84.1
Total,super_category,recall,82.4
Total,super_category,f,83.2
