label,level,metric,value
CA,sub_category,n_gold,49.0
CA,sub_category,n_system,56.0
CA,sub_category,n_correct,43.0
CA,sub_category,precision,76.7
CA,sub_category,recall,87.7
CA,sub_category,f,81.9
CB,sub_category,n_gold,28.0
CB,sub_category,n_system,29.0
CB,sub_category,n_correct,24.0
CB,sub_category,precision,82.7
CB,sub_category,recall,85.7
CB,sub_category,f,84.2
GA,sub_category,n_gold,33.0
GA,sub_category,n_system,27.0
GA,sub_category,n_correct,25.0
GA,sub_category,precision,92.5
GA,sub_category,recall,75.7
GA,sub_category,f,83.3
GC,sub_category,n_gold,56.0
GC,sub_category,n_system,51.0
GC,sub_category,n_correct,44.0
GC,sub_category,precision,86.2
GC,sub_category,recall,78.5
GC,sub_category,f,82.2
PA,sub_category,n_gold,89.0
PA,sub_category,n_system,83.0
PA,sub_category,n_correct,80.0
PA,sub_category,precision,96.3
PA,sub_category,recall,89.8
PA,sub_category,f,93.0
PB,sub_category,n_gold,3.0
PB,sub_category,n_system,2.0
PB,sub_category,n_correct,2.0
PB,sub_category,precision,100.0
PB,sub_category,recall,66.6
PB,sub_category,f,80.0
SA,sub_category,n_gold,10.0
SA,sub_category,n_system,7.0
SA,sub_category,n_correct,6.0
SA,sub_category,precision,85.7
SA,sub_category,recall,60.0
SA,sub_category,f,70.5
Total,sub_category,n_gold,268.0
Total,sub_category,n_system,255.0
Total,sub_category,n_correct,224.0
Total,sub_category,precision,87.8
Total,sub_category,recall,83.5
Total,sub_category,f,85.6
C,super_category,n_gold,62.0
C,super_category,n_system,63.0
C,super_category,n_correct,54.0
C,super_category,precision,85.7
C,super_category,recall,87.0
C,super_category,f,86.4
G,super_category,n_gold,76.0
G,super_category,n_system,65.0
G,super_category,n_correct,63.0
G,super_category,precision,96.9
G,super_category,recall,82.8
G,super_category,f,89.3
P,super_category,n_gold,91.0
P,super_category,n_system,83.0
P,super_category,n_correct,81.0
P,super_category,precision,97.5
P,super_category,recall,89.0
P,super_category,f,93.1
S,super_category,n_gold,10.0
S,super_category,n_system,7.0
S,super_category,n_correct,6.0
S,super_category,precision,85.7
S,super_category,recall,60.0
S,super_category,f,70.5
Total,super_category,n_gold,239.0
Total,super_category,n_system,218.0
Total,super_category,n_correct,204.0
Total,super_category,precision,93.5
Total,super_category,recall,85.3
Total,super_category,f,89.2
